-- phpMyAdmin SQL Dump
-- version 3.4.11.1deb1
-- http://www.phpmyadmin.net
--
-- Host: localhost
-- Generation Time: Mar 08, 2013 at 04:49 PM
-- Server version: 5.5.29
-- PHP Version: 5.4.6-1ubuntu1.1

SET FOREIGN_KEY_CHECKS=0;
SET SQL_MODE="NO_AUTO_VALUE_ON_ZERO";
SET time_zone = "+00:00";


/*!40101 SET @OLD_CHARACTER_SET_CLIENT=@@CHARACTER_SET_CLIENT */;
/*!40101 SET @OLD_CHARACTER_SET_RESULTS=@@CHARACTER_SET_RESULTS */;
/*!40101 SET @OLD_COLLATION_CONNECTION=@@COLLATION_CONNECTION */;
/*!40101 SET NAMES utf8 */;

--
-- Database: `s2h`
--

-- --------------------------------------------------------

--
-- Table structure for table `answers`
--

DROP TABLE IF EXISTS `answers`;
CREATE TABLE IF NOT EXISTS `answers` (
  `id` int(10) unsigned NOT NULL AUTO_INCREMENT,
  `question_id` int(10) unsigned NOT NULL,
  `client_id` int(10) unsigned NOT NULL,
  `survey_instance_id` int(10) unsigned NOT NULL,
  `value` text NOT NULL,
  `isDeleted` tinyint(1) NOT NULL,
  `created` datetime NOT NULL,
  `modified` datetime NOT NULL,
  PRIMARY KEY (`id`),
  KEY `fK_answers_question` (`question_id`),
  KEY `fk_answers_client` (`client_id`),
  KEY `survey_instance_id` (`survey_instance_id`)
) ENGINE=InnoDB  DEFAULT CHARSET=latin1 AUTO_INCREMENT=142 ;

--
-- Dumping data for table `answers`
--

INSERT INTO `answers` (`id`, `question_id`, `client_id`, `survey_instance_id`, `value`, `isDeleted`, `created`, `modified`) VALUES
(136, 170, 72, 6, '5', 0, '2013-03-08 16:37:36', '2013-03-08 16:37:36'),
(137, 170, 73, 7, '0', 0, '2013-03-08 16:39:42', '2013-03-08 16:39:42'),
(138, 170, 74, 8, '16', 0, '2013-03-08 16:40:20', '2013-03-08 16:40:20'),
(139, 170, 75, 9, '17', 0, '2013-03-08 16:43:44', '2013-03-08 16:43:44'),
(140, 170, 76, 10, '19', 0, '2013-03-08 16:47:39', '2013-03-08 16:47:39'),
(141, 170, 76, 10, '19', 0, '2013-03-08 16:47:39', '2013-03-08 16:47:39');

-- --------------------------------------------------------

--
-- Table structure for table `clients`
--

DROP TABLE IF EXISTS `clients`;
CREATE TABLE IF NOT EXISTS `clients` (
  `id` int(10) unsigned NOT NULL AUTO_INCREMENT,
  `organization_id` int(10) unsigned NOT NULL,
  `first_name` varchar(50) NOT NULL,
  `last_name` varchar(50) NOT NULL,
  `ssn` varchar(9) NOT NULL,
  `dob` date NOT NULL,
  `isDeleted` tinyint(1) NOT NULL,
  `created` datetime NOT NULL,
  `modified` datetime NOT NULL,
  PRIMARY KEY (`id`),
  KEY `organization_id` (`organization_id`)
) ENGINE=InnoDB  DEFAULT CHARSET=latin1 AUTO_INCREMENT=77 ;

--
-- Dumping data for table `clients`
--

INSERT INTO `clients` (`id`, `organization_id`, `first_name`, `last_name`, `ssn`, `dob`, `isDeleted`, `created`, `modified`) VALUES
(66, 1, 'George-0', 'Burdell-0', '123-45-67', '2013-01-31', 0, '2013-01-31 00:00:00', '2013-01-31 00:00:00'),
(67, 1, 'George-1', 'Burdell-1', '123456789', '2013-01-31', 0, '2013-01-31 00:00:00', '2013-01-31 00:00:00'),
(68, 1, 'George-other', 'Burdell-other', '987654321', '2013-01-31', 0, '2013-02-07 00:00:00', '2013-02-07 00:00:00'),
(69, 2, 'test', 'test', '', '2013-01-01', 0, '2013-03-08 16:00:46', '2013-03-08 16:00:46'),
(70, 2, 'test', 'test', '1234', '2013-01-01', 0, '2013-03-08 17:13:18', '2013-03-08 17:13:18'),
(71, 1, 'Brett', 'King', '1234', '1967-01-15', 0, '2013-03-08 16:36:39', '2013-03-08 16:36:39'),
(72, 1, 'Brett', 'King', '1234', '1967-01-15', 0, '2013-03-08 16:37:36', '2013-03-08 16:37:36'),
(73, 1, 'Mike', 'Johnson', '3456', '1881-08-16', 0, '2013-03-08 16:39:42', '2013-03-08 16:39:42'),
(74, 1, 'Chris', 'George', '2314', '1968-08-14', 0, '2013-03-08 16:40:20', '2013-03-08 16:40:20'),
(75, 1, 'Hank', 'Aaron', '', '1999-05-27', 0, '2013-03-08 16:43:44', '2013-03-08 16:43:44'),
(76, 1, 'Joe', 'Working', '', '1959-10-30', 0, '2013-03-08 16:47:39', '2013-03-08 16:47:39');

-- --------------------------------------------------------

--
-- Table structure for table `feedbacks`
--

DROP TABLE IF EXISTS `feedbacks`;
CREATE TABLE IF NOT EXISTS `feedbacks` (
  `id` int(11) NOT NULL AUTO_INCREMENT,
  `user_id` int(11) unsigned NOT NULL,
  `feedback` text NOT NULL,
  `created` datetime NOT NULL,
  `modified` datetime NOT NULL,
  PRIMARY KEY (`id`),
  KEY `user_id` (`user_id`)
) ENGINE=InnoDB DEFAULT CHARSET=latin1 AUTO_INCREMENT=1 ;

-- --------------------------------------------------------

--
-- Table structure for table `groupings`
--

DROP TABLE IF EXISTS `groupings`;
CREATE TABLE IF NOT EXISTS `groupings` (
  `id` int(10) unsigned NOT NULL AUTO_INCREMENT,
  `survey_id` int(10) unsigned NOT NULL,
  `label` varchar(255) NOT NULL,
  `ordering` smallint(5) unsigned NOT NULL,
  `is_used` tinyint(1) NOT NULL,
  `created` datetime NOT NULL,
  `modified` datetime NOT NULL,
  PRIMARY KEY (`id`),
  KEY `survey_id` (`survey_id`)
) ENGINE=InnoDB  DEFAULT CHARSET=latin1 AUTO_INCREMENT=20 ;

--
-- Dumping data for table `groupings`
--

INSERT INTO `groupings` (`id`, `survey_id`, `label`, `ordering`, `is_used`, `created`, `modified`) VALUES
(1, 1, 'Personal Information', 1, 1, '2013-01-01 00:00:00', '2013-02-04 18:50:09'),
(2, 1, 'Housing', 2, 1, '2013-01-01 00:00:00', '2013-02-04 18:50:09'),
(3, 1, 'Health', 3, 1, '2013-02-04 16:56:16', '2013-02-04 18:50:09'),
(4, 1, 'Military And Legal Background', 4, 1, '2013-02-04 16:56:52', '2013-02-04 18:50:09'),
(5, 1, 'Community', 5, 1, '2013-02-04 16:57:09', '2013-02-04 18:50:09'),
(6, 1, 'Surveyor Section', 6, 1, '2013-02-04 18:53:40', '2013-02-04 18:53:48'),
(7, 3, 'Personal Information', 1, 1, '2013-03-05 11:44:57', '2013-03-08 15:54:07'),
(8, 3, 'Interviewer Information', 2, 1, '2013-03-05 11:45:43', '2013-03-08 15:54:07'),
(9, 3, 'Housing History', 3, 1, '2013-03-05 11:50:31', '2013-03-08 15:54:07'),
(10, 3, 'Health History', 4, 1, '2013-03-05 12:00:29', '2013-03-08 15:54:07'),
(11, 3, 'Health Information', 8, 1, '2013-03-05 18:19:16', '2013-03-08 15:54:08'),
(12, 3, 'Miscellaneous', 9, 1, '2013-03-05 18:39:19', '2013-03-08 15:54:08'),
(13, 3, 'Housing Preferences', 10, 1, '2013-03-07 22:47:50', '2013-03-08 15:54:08'),
(14, 3, 'Contact Method', 11, 1, '2013-03-07 23:00:30', '2013-03-08 15:54:08'),
(15, 3, 'Mental Health', 6, 1, '2013-03-08 15:48:34', '2013-03-08 15:54:08'),
(16, 3, 'Violence Experience', 7, 1, '2013-03-08 15:52:16', '2013-03-08 15:54:08'),
(17, 3, 'Substance Abuse', 5, 1, '2013-03-08 15:53:59', '2013-03-08 15:54:07'),
(18, 5, 'Personal Information', 1, 1, '2013-03-08 16:34:10', '2013-03-08 16:34:10'),
(19, 5, 'Testing', 2, 1, '2013-03-08 16:34:28', '2013-03-08 16:34:28');

-- --------------------------------------------------------

--
-- Table structure for table `options`
--

DROP TABLE IF EXISTS `options`;
CREATE TABLE IF NOT EXISTS `options` (
  `id` int(10) unsigned NOT NULL AUTO_INCREMENT,
  `question_id` int(10) unsigned NOT NULL,
  `label` varchar(255) NOT NULL,
  `created` timestamp NOT NULL DEFAULT CURRENT_TIMESTAMP ON UPDATE CURRENT_TIMESTAMP,
  `modified` timestamp NOT NULL DEFAULT '0000-00-00 00:00:00',
  PRIMARY KEY (`id`),
  KEY `fk_options_questions` (`question_id`)
) ENGINE=InnoDB  DEFAULT CHARSET=latin1 AUTO_INCREMENT=1486 ;

--
-- Dumping data for table `options`
--

INSERT INTO `options` (`id`, `question_id`, `label`, `created`, `modified`) VALUES
(7, 7, 'option 1', '2013-01-01 05:00:00', '2013-01-01 05:00:00'),
(8, 7, 'option 2', '2013-01-01 05:00:00', '2013-01-01 05:00:00'),
(9, 17, 'English', '0000-00-00 00:00:00', '0000-00-00 00:00:00'),
(10, 17, ' Spanish', '0000-00-00 00:00:00', '0000-00-00 00:00:00'),
(11, 17, ' French', '0000-00-00 00:00:00', '0000-00-00 00:00:00'),
(12, 23, 'Male', '0000-00-00 00:00:00', '0000-00-00 00:00:00'),
(13, 23, ' Female', '0000-00-00 00:00:00', '0000-00-00 00:00:00'),
(14, 23, ' Transgender (M to F)', '0000-00-00 00:00:00', '0000-00-00 00:00:00'),
(15, 23, ' Transgender (F to M)', '0000-00-00 00:00:00', '0000-00-00 00:00:00'),
(16, 23, ' Other/Unknown/Declined', '0000-00-00 00:00:00', '0000-00-00 00:00:00'),
(17, 24, 'Yes', '0000-00-00 00:00:00', '0000-00-00 00:00:00'),
(18, 24, ' No', '0000-00-00 00:00:00', '0000-00-00 00:00:00'),
(19, 25, 'African-American/Black', '0000-00-00 00:00:00', '0000-00-00 00:00:00'),
(20, 25, ' Asian', '0000-00-00 00:00:00', '0000-00-00 00:00:00'),
(21, 25, ' Latino/a', '0000-00-00 00:00:00', '0000-00-00 00:00:00'),
(22, 25, ' Native Alaskan', '0000-00-00 00:00:00', '0000-00-00 00:00:00'),
(23, 25, ' Native American', '0000-00-00 00:00:00', '0000-00-00 00:00:00'),
(24, 25, ' Native Hawaiian/Pacific Islander', '0000-00-00 00:00:00', '0000-00-00 00:00:00'),
(25, 25, ' White', '0000-00-00 00:00:00', '0000-00-00 00:00:00'),
(26, 25, ' Other/Multiple', '0000-00-00 00:00:00', '0000-00-00 00:00:00'),
(27, 25, ' Declined to state/unknown', '0000-00-00 00:00:00', '0000-00-00 00:00:00'),
(28, 26, 'Yes', '0000-00-00 00:00:00', '0000-00-00 00:00:00'),
(29, 26, ' No', '0000-00-00 00:00:00', '0000-00-00 00:00:00'),
(30, 26, ' Refused', '0000-00-00 00:00:00', '0000-00-00 00:00:00'),
(31, 27, '0', '0000-00-00 00:00:00', '0000-00-00 00:00:00'),
(32, 27, '1', '0000-00-00 00:00:00', '0000-00-00 00:00:00'),
(33, 27, '2', '0000-00-00 00:00:00', '0000-00-00 00:00:00'),
(34, 27, '3', '0000-00-00 00:00:00', '0000-00-00 00:00:00'),
(35, 27, '4', '0000-00-00 00:00:00', '0000-00-00 00:00:00'),
(36, 27, '5', '0000-00-00 00:00:00', '0000-00-00 00:00:00'),
(37, 27, '6', '0000-00-00 00:00:00', '0000-00-00 00:00:00'),
(38, 27, '7', '0000-00-00 00:00:00', '0000-00-00 00:00:00'),
(39, 27, '8', '0000-00-00 00:00:00', '0000-00-00 00:00:00'),
(40, 27, '9', '0000-00-00 00:00:00', '0000-00-00 00:00:00'),
(41, 27, '10', '0000-00-00 00:00:00', '0000-00-00 00:00:00'),
(42, 27, '11', '0000-00-00 00:00:00', '0000-00-00 00:00:00'),
(43, 27, '12', '0000-00-00 00:00:00', '0000-00-00 00:00:00'),
(44, 27, 'refused', '0000-00-00 00:00:00', '0000-00-00 00:00:00'),
(45, 28, 'Yes', '0000-00-00 00:00:00', '0000-00-00 00:00:00'),
(46, 28, ' No', '0000-00-00 00:00:00', '0000-00-00 00:00:00'),
(47, 28, ' Refusted', '0000-00-00 00:00:00', '0000-00-00 00:00:00'),
(48, 30, 'K-8', '0000-00-00 00:00:00', '0000-00-00 00:00:00'),
(49, 30, ' Some high school', '0000-00-00 00:00:00', '0000-00-00 00:00:00'),
(50, 30, ' High School Graduate', '0000-00-00 00:00:00', '0000-00-00 00:00:00'),
(51, 30, ' GED', '0000-00-00 00:00:00', '0000-00-00 00:00:00'),
(52, 30, ' Some College', '0000-00-00 00:00:00', '0000-00-00 00:00:00'),
(53, 30, ' College Graduate', '0000-00-00 00:00:00', '0000-00-00 00:00:00'),
(54, 30, ' Post Graduate', '0000-00-00 00:00:00', '0000-00-00 00:00:00'),
(55, 30, ' Declined', '0000-00-00 00:00:00', '0000-00-00 00:00:00'),
(56, 34, 'shelter', '0000-00-00 00:00:00', '0000-00-00 00:00:00'),
(57, 34, ' outside (street', '0000-00-00 00:00:00', '0000-00-00 00:00:00'),
(58, 34, ' camp', '0000-00-00 00:00:00', '0000-00-00 00:00:00'),
(59, 34, ' park)', '0000-00-00 00:00:00', '0000-00-00 00:00:00'),
(60, 34, ' car/van/RV', '0000-00-00 00:00:00', '0000-00-00 00:00:00'),
(61, 34, ' someone else''s place', '0000-00-00 00:00:00', '0000-00-00 00:00:00'),
(62, 38, 'Refused', '0000-00-00 00:00:00', '0000-00-00 00:00:00'),
(63, 38, ' Greyhound', '0000-00-00 00:00:00', '0000-00-00 00:00:00'),
(64, 38, ' Drove personal vehicle', '0000-00-00 00:00:00', '0000-00-00 00:00:00'),
(65, 38, ' Rode with relative or friend', '0000-00-00 00:00:00', '0000-00-00 00:00:00'),
(66, 38, ' Hitchhike', '0000-00-00 00:00:00', '0000-00-00 00:00:00'),
(67, 38, ' Hospital Van', '0000-00-00 00:00:00', '0000-00-00 00:00:00'),
(68, 38, ' Prison Van', '0000-00-00 00:00:00', '0000-00-00 00:00:00'),
(69, 38, ' Other', '0000-00-00 00:00:00', '0000-00-00 00:00:00'),
(70, 39, 'Refused', '0000-00-00 00:00:00', '0000-00-00 00:00:00'),
(71, 39, ' Conflict with roommate', '0000-00-00 00:00:00', '0000-00-00 00:00:00'),
(72, 39, ' Lack of child support', '0000-00-00 00:00:00', '0000-00-00 00:00:00'),
(73, 39, ' Natural disaster/fire', '0000-00-00 00:00:00', '0000-00-00 00:00:00'),
(74, 39, ' Mental illness', '0000-00-00 00:00:00', '0000-00-00 00:00:00'),
(75, 39, ' Recently released from prison', '0000-00-00 00:00:00', '0000-00-00 00:00:00'),
(76, 39, ' Poverty', '0000-00-00 00:00:00', '0000-00-00 00:00:00'),
(77, 39, ' Divorce', '0000-00-00 00:00:00', '0000-00-00 00:00:00'),
(78, 39, ' Job loss', '0000-00-00 00:00:00', '0000-00-00 00:00:00'),
(79, 39, ' Physical illness', '0000-00-00 00:00:00', '0000-00-00 00:00:00'),
(80, 39, ' Lack of affordable housing', '0000-00-00 00:00:00', '0000-00-00 00:00:00'),
(81, 39, ' Domestic violence', '0000-00-00 00:00:00', '0000-00-00 00:00:00'),
(82, 39, ' Tragedy (death of a loved one)', '0000-00-00 00:00:00', '0000-00-00 00:00:00'),
(83, 39, ' Physical disabilities', '0000-00-00 00:00:00', '0000-00-00 00:00:00'),
(85, 40, 'Refused', '0000-00-00 00:00:00', '0000-00-00 00:00:00'),
(86, 40, ' Conflict with roommate', '0000-00-00 00:00:00', '0000-00-00 00:00:00'),
(87, 40, ' Lack of child support', '0000-00-00 00:00:00', '0000-00-00 00:00:00'),
(88, 40, ' Natural disaster/fire', '0000-00-00 00:00:00', '0000-00-00 00:00:00'),
(89, 40, ' Mental illness', '0000-00-00 00:00:00', '0000-00-00 00:00:00'),
(90, 40, ' Recently released from prison', '0000-00-00 00:00:00', '0000-00-00 00:00:00'),
(91, 40, ' Poverty', '0000-00-00 00:00:00', '0000-00-00 00:00:00'),
(92, 40, ' Divorce', '0000-00-00 00:00:00', '0000-00-00 00:00:00'),
(93, 40, ' Job loss', '0000-00-00 00:00:00', '0000-00-00 00:00:00'),
(94, 40, ' Physical illness', '0000-00-00 00:00:00', '0000-00-00 00:00:00'),
(95, 40, ' Lack of affordable housing', '0000-00-00 00:00:00', '0000-00-00 00:00:00'),
(96, 40, ' Domestic violence', '0000-00-00 00:00:00', '0000-00-00 00:00:00'),
(97, 40, ' Tragedy (death of a loved one)', '0000-00-00 00:00:00', '0000-00-00 00:00:00'),
(98, 40, ' Physical disabilities', '0000-00-00 00:00:00', '0000-00-00 00:00:00'),
(116, 48, 'Yes', '0000-00-00 00:00:00', '0000-00-00 00:00:00'),
(117, 48, ' No', '0000-00-00 00:00:00', '0000-00-00 00:00:00'),
(118, 48, ' Under Treatment', '0000-00-00 00:00:00', '0000-00-00 00:00:00'),
(119, 48, ' Refused', '0000-00-00 00:00:00', '0000-00-00 00:00:00'),
(120, 43, 'Refused', '0000-00-00 00:00:00', '0000-00-00 00:00:00'),
(121, 44, 'Yes', '0000-00-00 00:00:00', '0000-00-00 00:00:00'),
(122, 44, ' No', '0000-00-00 00:00:00', '0000-00-00 00:00:00'),
(123, 44, ' Under Treatment', '0000-00-00 00:00:00', '0000-00-00 00:00:00'),
(124, 44, ' Refused', '0000-00-00 00:00:00', '0000-00-00 00:00:00'),
(125, 45, 'Yes', '0000-00-00 00:00:00', '0000-00-00 00:00:00'),
(126, 45, ' No', '0000-00-00 00:00:00', '0000-00-00 00:00:00'),
(127, 45, ' Under Treatment', '0000-00-00 00:00:00', '0000-00-00 00:00:00'),
(128, 45, ' Refused', '0000-00-00 00:00:00', '0000-00-00 00:00:00'),
(129, 46, 'Yes', '0000-00-00 00:00:00', '0000-00-00 00:00:00'),
(130, 46, ' No', '0000-00-00 00:00:00', '0000-00-00 00:00:00'),
(131, 46, ' Under Treatment', '0000-00-00 00:00:00', '0000-00-00 00:00:00'),
(132, 46, ' Refused', '0000-00-00 00:00:00', '0000-00-00 00:00:00'),
(133, 47, 'Yes', '0000-00-00 00:00:00', '0000-00-00 00:00:00'),
(134, 47, ' No', '0000-00-00 00:00:00', '0000-00-00 00:00:00'),
(135, 47, ' Under Treatment', '0000-00-00 00:00:00', '0000-00-00 00:00:00'),
(136, 47, ' Refused', '0000-00-00 00:00:00', '0000-00-00 00:00:00'),
(137, 49, 'Yes', '0000-00-00 00:00:00', '0000-00-00 00:00:00'),
(138, 49, ' No', '0000-00-00 00:00:00', '0000-00-00 00:00:00'),
(139, 49, ' Under Treatment', '0000-00-00 00:00:00', '0000-00-00 00:00:00'),
(140, 49, ' Refused', '0000-00-00 00:00:00', '0000-00-00 00:00:00'),
(141, 50, 'Yes', '0000-00-00 00:00:00', '0000-00-00 00:00:00'),
(142, 50, ' No', '0000-00-00 00:00:00', '0000-00-00 00:00:00'),
(143, 50, ' Under Treatment', '0000-00-00 00:00:00', '0000-00-00 00:00:00'),
(144, 50, ' Refused', '0000-00-00 00:00:00', '0000-00-00 00:00:00'),
(145, 51, 'Yes', '0000-00-00 00:00:00', '0000-00-00 00:00:00'),
(146, 51, ' No', '0000-00-00 00:00:00', '0000-00-00 00:00:00'),
(147, 51, ' Under Treatment', '0000-00-00 00:00:00', '0000-00-00 00:00:00'),
(148, 51, ' Refused', '0000-00-00 00:00:00', '0000-00-00 00:00:00'),
(149, 52, 'Yes', '0000-00-00 00:00:00', '0000-00-00 00:00:00'),
(150, 52, ' No', '0000-00-00 00:00:00', '0000-00-00 00:00:00'),
(151, 52, ' Under Treatment', '0000-00-00 00:00:00', '0000-00-00 00:00:00'),
(152, 52, ' Refused', '0000-00-00 00:00:00', '0000-00-00 00:00:00'),
(153, 53, 'Yes', '0000-00-00 00:00:00', '0000-00-00 00:00:00'),
(154, 53, ' No', '0000-00-00 00:00:00', '0000-00-00 00:00:00'),
(155, 53, ' Under Treatment', '0000-00-00 00:00:00', '0000-00-00 00:00:00'),
(156, 53, ' Refused', '0000-00-00 00:00:00', '0000-00-00 00:00:00'),
(157, 54, 'Yes', '0000-00-00 00:00:00', '0000-00-00 00:00:00'),
(158, 54, ' No', '0000-00-00 00:00:00', '0000-00-00 00:00:00'),
(159, 54, ' Under Treatment', '0000-00-00 00:00:00', '0000-00-00 00:00:00'),
(160, 54, ' Refused', '0000-00-00 00:00:00', '0000-00-00 00:00:00'),
(161, 55, 'Yes', '0000-00-00 00:00:00', '0000-00-00 00:00:00'),
(162, 55, ' No', '0000-00-00 00:00:00', '0000-00-00 00:00:00'),
(163, 56, 'Yes', '0000-00-00 00:00:00', '0000-00-00 00:00:00'),
(164, 56, ' No', '0000-00-00 00:00:00', '0000-00-00 00:00:00'),
(165, 56, ' Refused', '0000-00-00 00:00:00', '0000-00-00 00:00:00'),
(166, 57, 'Yes', '0000-00-00 00:00:00', '0000-00-00 00:00:00'),
(167, 57, ' No', '0000-00-00 00:00:00', '0000-00-00 00:00:00'),
(168, 57, ' Refused', '0000-00-00 00:00:00', '0000-00-00 00:00:00'),
(169, 58, 'Yes', '0000-00-00 00:00:00', '0000-00-00 00:00:00'),
(170, 58, ' No', '0000-00-00 00:00:00', '0000-00-00 00:00:00'),
(171, 58, ' Refused', '0000-00-00 00:00:00', '0000-00-00 00:00:00'),
(172, 59, 'Yes', '0000-00-00 00:00:00', '0000-00-00 00:00:00'),
(173, 59, ' No', '0000-00-00 00:00:00', '0000-00-00 00:00:00'),
(174, 59, ' Refused', '0000-00-00 00:00:00', '0000-00-00 00:00:00'),
(175, 60, 'Yes', '0000-00-00 00:00:00', '0000-00-00 00:00:00'),
(176, 60, ' No', '0000-00-00 00:00:00', '0000-00-00 00:00:00'),
(177, 60, ' Refused', '0000-00-00 00:00:00', '0000-00-00 00:00:00'),
(178, 61, 'Yes', '0000-00-00 00:00:00', '0000-00-00 00:00:00'),
(179, 61, ' No', '0000-00-00 00:00:00', '0000-00-00 00:00:00'),
(180, 62, 'Yes', '0000-00-00 00:00:00', '0000-00-00 00:00:00'),
(181, 62, ' No', '0000-00-00 00:00:00', '0000-00-00 00:00:00'),
(182, 62, ' Refused', '0000-00-00 00:00:00', '0000-00-00 00:00:00'),
(183, 64, 'Yes', '0000-00-00 00:00:00', '0000-00-00 00:00:00'),
(184, 64, ' No', '0000-00-00 00:00:00', '0000-00-00 00:00:00'),
(185, 64, ' Refused', '0000-00-00 00:00:00', '0000-00-00 00:00:00'),
(186, 65, 'Yes', '0000-00-00 00:00:00', '0000-00-00 00:00:00'),
(187, 65, ' No', '0000-00-00 00:00:00', '0000-00-00 00:00:00'),
(188, 65, ' Refused', '0000-00-00 00:00:00', '0000-00-00 00:00:00'),
(189, 66, 'Yes', '0000-00-00 00:00:00', '0000-00-00 00:00:00'),
(190, 66, ' No', '0000-00-00 00:00:00', '0000-00-00 00:00:00'),
(191, 67, 'Yes', '0000-00-00 00:00:00', '0000-00-00 00:00:00'),
(192, 67, ' No', '0000-00-00 00:00:00', '0000-00-00 00:00:00'),
(193, 67, ' Refused', '0000-00-00 00:00:00', '0000-00-00 00:00:00'),
(194, 68, 'Yes', '0000-00-00 00:00:00', '0000-00-00 00:00:00'),
(195, 68, ' No', '0000-00-00 00:00:00', '0000-00-00 00:00:00'),
(196, 68, ' Refused', '0000-00-00 00:00:00', '0000-00-00 00:00:00'),
(197, 69, 'Yes', '0000-00-00 00:00:00', '0000-00-00 00:00:00'),
(198, 69, ' No', '0000-00-00 00:00:00', '0000-00-00 00:00:00'),
(199, 69, ' Refused', '0000-00-00 00:00:00', '0000-00-00 00:00:00'),
(200, 70, 'Excellent', '0000-00-00 00:00:00', '0000-00-00 00:00:00'),
(201, 70, ' Very Good', '0000-00-00 00:00:00', '0000-00-00 00:00:00'),
(202, 70, ' Good', '0000-00-00 00:00:00', '0000-00-00 00:00:00'),
(203, 70, ' Fair', '0000-00-00 00:00:00', '0000-00-00 00:00:00'),
(204, 70, ' Poor', '0000-00-00 00:00:00', '0000-00-00 00:00:00'),
(205, 70, ' Refused', '0000-00-00 00:00:00', '0000-00-00 00:00:00'),
(206, 71, 'Refused', '0000-00-00 00:00:00', '0000-00-00 00:00:00'),
(207, 71, ' physical disability', '0000-00-00 00:00:00', '0000-00-00 00:00:00'),
(208, 71, ' mental health disability', '0000-00-00 00:00:00', '0000-00-00 00:00:00'),
(209, 71, ' traumatic brain injury', '0000-00-00 00:00:00', '0000-00-00 00:00:00'),
(210, 71, ' substance abuse disorder', '0000-00-00 00:00:00', '0000-00-00 00:00:00'),
(211, 71, ' post-traumatic stress disorder (PTSD)', '0000-00-00 00:00:00', '0000-00-00 00:00:00'),
(212, 71, ' developmental disability', '0000-00-00 00:00:00', '0000-00-00 00:00:00'),
(213, 71, ' HIV/AIDS', '0000-00-00 00:00:00', '0000-00-00 00:00:00'),
(214, 71, ' chronic physical illness', '0000-00-00 00:00:00', '0000-00-00 00:00:00'),
(215, 71, ' NONE APPLY', '0000-00-00 00:00:00', '0000-00-00 00:00:00'),
(216, 72, 'Yes', '0000-00-00 00:00:00', '0000-00-00 00:00:00'),
(217, 72, ' No', '0000-00-00 00:00:00', '0000-00-00 00:00:00'),
(218, 72, ' Refused', '0000-00-00 00:00:00', '0000-00-00 00:00:00'),
(219, 74, 'Yes', '0000-00-00 00:00:00', '0000-00-00 00:00:00'),
(220, 74, ' No', '0000-00-00 00:00:00', '0000-00-00 00:00:00'),
(221, 74, ' Refused', '0000-00-00 00:00:00', '0000-00-00 00:00:00'),
(222, 76, 'Yes', '0000-00-00 00:00:00', '0000-00-00 00:00:00'),
(223, 76, ' No', '0000-00-00 00:00:00', '0000-00-00 00:00:00'),
(224, 76, ' Refused', '0000-00-00 00:00:00', '0000-00-00 00:00:00'),
(225, 77, 'Refused', '0000-00-00 00:00:00', '0000-00-00 00:00:00'),
(226, 77, '0', '0000-00-00 00:00:00', '0000-00-00 00:00:00'),
(227, 77, '1', '0000-00-00 00:00:00', '0000-00-00 00:00:00'),
(228, 77, '2', '0000-00-00 00:00:00', '0000-00-00 00:00:00'),
(229, 77, '3', '0000-00-00 00:00:00', '0000-00-00 00:00:00'),
(230, 77, '4', '0000-00-00 00:00:00', '0000-00-00 00:00:00'),
(231, 77, '5', '0000-00-00 00:00:00', '0000-00-00 00:00:00'),
(232, 77, '6', '0000-00-00 00:00:00', '0000-00-00 00:00:00'),
(233, 77, '7', '0000-00-00 00:00:00', '0000-00-00 00:00:00'),
(234, 77, '8', '0000-00-00 00:00:00', '0000-00-00 00:00:00'),
(235, 77, '9', '0000-00-00 00:00:00', '0000-00-00 00:00:00'),
(236, 77, '10', '0000-00-00 00:00:00', '0000-00-00 00:00:00'),
(237, 77, '11', '0000-00-00 00:00:00', '0000-00-00 00:00:00'),
(238, 77, '12', '0000-00-00 00:00:00', '0000-00-00 00:00:00'),
(239, 77, '13', '0000-00-00 00:00:00', '0000-00-00 00:00:00'),
(240, 77, '14', '0000-00-00 00:00:00', '0000-00-00 00:00:00'),
(241, 77, '15', '0000-00-00 00:00:00', '0000-00-00 00:00:00'),
(242, 77, '16', '0000-00-00 00:00:00', '0000-00-00 00:00:00'),
(243, 77, '17', '0000-00-00 00:00:00', '0000-00-00 00:00:00'),
(244, 77, '18', '0000-00-00 00:00:00', '0000-00-00 00:00:00'),
(245, 77, '19', '0000-00-00 00:00:00', '0000-00-00 00:00:00'),
(246, 77, '20', '0000-00-00 00:00:00', '0000-00-00 00:00:00'),
(247, 77, '21', '0000-00-00 00:00:00', '0000-00-00 00:00:00'),
(248, 77, '22', '0000-00-00 00:00:00', '0000-00-00 00:00:00'),
(249, 77, '23', '0000-00-00 00:00:00', '0000-00-00 00:00:00'),
(250, 77, '24', '0000-00-00 00:00:00', '0000-00-00 00:00:00'),
(251, 77, '25', '0000-00-00 00:00:00', '0000-00-00 00:00:00'),
(252, 77, '26', '0000-00-00 00:00:00', '0000-00-00 00:00:00'),
(253, 77, '27', '0000-00-00 00:00:00', '0000-00-00 00:00:00'),
(254, 77, '28', '0000-00-00 00:00:00', '0000-00-00 00:00:00'),
(255, 77, '29', '0000-00-00 00:00:00', '0000-00-00 00:00:00'),
(256, 77, '30', '0000-00-00 00:00:00', '0000-00-00 00:00:00'),
(891, 78, 'Refused', '0000-00-00 00:00:00', '0000-00-00 00:00:00'),
(892, 78, '0', '0000-00-00 00:00:00', '0000-00-00 00:00:00'),
(893, 78, '1', '0000-00-00 00:00:00', '0000-00-00 00:00:00'),
(894, 78, '2', '0000-00-00 00:00:00', '0000-00-00 00:00:00'),
(895, 78, '3', '0000-00-00 00:00:00', '0000-00-00 00:00:00'),
(896, 78, '4', '0000-00-00 00:00:00', '0000-00-00 00:00:00'),
(897, 78, '5', '0000-00-00 00:00:00', '0000-00-00 00:00:00'),
(898, 78, '6', '0000-00-00 00:00:00', '0000-00-00 00:00:00'),
(899, 78, '7', '0000-00-00 00:00:00', '0000-00-00 00:00:00'),
(900, 78, '8', '0000-00-00 00:00:00', '0000-00-00 00:00:00'),
(901, 78, '9', '0000-00-00 00:00:00', '0000-00-00 00:00:00'),
(902, 78, '10', '0000-00-00 00:00:00', '0000-00-00 00:00:00'),
(903, 78, '11', '0000-00-00 00:00:00', '0000-00-00 00:00:00'),
(904, 78, '12', '0000-00-00 00:00:00', '0000-00-00 00:00:00'),
(905, 78, '13', '0000-00-00 00:00:00', '0000-00-00 00:00:00'),
(906, 78, '14', '0000-00-00 00:00:00', '0000-00-00 00:00:00'),
(907, 78, '15', '0000-00-00 00:00:00', '0000-00-00 00:00:00'),
(908, 78, '16', '0000-00-00 00:00:00', '0000-00-00 00:00:00'),
(909, 78, '17', '0000-00-00 00:00:00', '0000-00-00 00:00:00'),
(910, 78, '18', '0000-00-00 00:00:00', '0000-00-00 00:00:00'),
(911, 78, '19', '0000-00-00 00:00:00', '0000-00-00 00:00:00'),
(912, 78, '20', '0000-00-00 00:00:00', '0000-00-00 00:00:00'),
(913, 78, '21', '0000-00-00 00:00:00', '0000-00-00 00:00:00'),
(914, 78, '22', '0000-00-00 00:00:00', '0000-00-00 00:00:00'),
(915, 78, '23', '0000-00-00 00:00:00', '0000-00-00 00:00:00'),
(916, 78, '24', '0000-00-00 00:00:00', '0000-00-00 00:00:00'),
(917, 78, '25', '0000-00-00 00:00:00', '0000-00-00 00:00:00'),
(918, 78, '26', '0000-00-00 00:00:00', '0000-00-00 00:00:00'),
(919, 78, '27', '0000-00-00 00:00:00', '0000-00-00 00:00:00'),
(920, 78, '28', '0000-00-00 00:00:00', '0000-00-00 00:00:00'),
(921, 78, '29', '0000-00-00 00:00:00', '0000-00-00 00:00:00'),
(922, 78, '30', '0000-00-00 00:00:00', '0000-00-00 00:00:00'),
(929, 79, 'Medicaid', '0000-00-00 00:00:00', '0000-00-00 00:00:00'),
(930, 79, ' Medicare', '0000-00-00 00:00:00', '0000-00-00 00:00:00'),
(931, 79, ' VA', '0000-00-00 00:00:00', '0000-00-00 00:00:00'),
(932, 79, ' Private Insurance', '0000-00-00 00:00:00', '0000-00-00 00:00:00'),
(933, 79, ' None', '0000-00-00 00:00:00', '0000-00-00 00:00:00'),
(934, 79, ' Other', '0000-00-00 00:00:00', '0000-00-00 00:00:00'),
(935, 80, 'Yes', '0000-00-00 00:00:00', '0000-00-00 00:00:00'),
(936, 80, ' No', '0000-00-00 00:00:00', '0000-00-00 00:00:00'),
(937, 80, ' Refused', '0000-00-00 00:00:00', '0000-00-00 00:00:00'),
(947, 81, ' None', '0000-00-00 00:00:00', '0000-00-00 00:00:00'),
(948, 81, ' Korean War (June 1950-January 1955)', '0000-00-00 00:00:00', '0000-00-00 00:00:00'),
(949, 81, ' Vietnam Era (1964-1975)', '0000-00-00 00:00:00', '0000-00-00 00:00:00'),
(950, 81, ' Post Vietnam (1975-1991)', '0000-00-00 00:00:00', '0000-00-00 00:00:00'),
(951, 81, ' Persian Gulf Era (1991-present)', '0000-00-00 00:00:00', '0000-00-00 00:00:00'),
(952, 81, ' Afghanistan (2001-present)', '0000-00-00 00:00:00', '0000-00-00 00:00:00'),
(953, 81, ' Iraq (2003-present)', '0000-00-00 00:00:00', '0000-00-00 00:00:00'),
(954, 81, ' Other', '0000-00-00 00:00:00', '0000-00-00 00:00:00'),
(955, 81, ' Refused', '0000-00-00 00:00:00', '0000-00-00 00:00:00'),
(956, 82, 'Yes', '0000-00-00 00:00:00', '0000-00-00 00:00:00'),
(957, 82, ' No', '0000-00-00 00:00:00', '0000-00-00 00:00:00'),
(958, 82, ' Refused', '0000-00-00 00:00:00', '0000-00-00 00:00:00'),
(959, 83, 'Yes', '0000-00-00 00:00:00', '0000-00-00 00:00:00'),
(960, 83, ' No', '0000-00-00 00:00:00', '0000-00-00 00:00:00'),
(961, 83, ' Refused', '0000-00-00 00:00:00', '0000-00-00 00:00:00'),
(962, 84, 'Yes', '0000-00-00 00:00:00', '0000-00-00 00:00:00'),
(963, 84, ' No', '0000-00-00 00:00:00', '0000-00-00 00:00:00'),
(964, 84, ' Refused', '0000-00-00 00:00:00', '0000-00-00 00:00:00'),
(965, 85, 'Yes', '0000-00-00 00:00:00', '0000-00-00 00:00:00'),
(966, 85, ' No', '0000-00-00 00:00:00', '0000-00-00 00:00:00'),
(967, 85, ' Refused', '0000-00-00 00:00:00', '0000-00-00 00:00:00'),
(968, 86, 'Yes', '0000-00-00 00:00:00', '0000-00-00 00:00:00'),
(969, 86, ' No', '0000-00-00 00:00:00', '0000-00-00 00:00:00'),
(970, 86, ' Refused', '0000-00-00 00:00:00', '0000-00-00 00:00:00'),
(971, 87, 'Refused', '0000-00-00 00:00:00', '0000-00-00 00:00:00'),
(972, 87, ' Work', '0000-00-00 00:00:00', '0000-00-00 00:00:00'),
(973, 87, ' on-the-books', '0000-00-00 00:00:00', '0000-00-00 00:00:00'),
(974, 87, ' Work', '0000-00-00 00:00:00', '0000-00-00 00:00:00'),
(975, 87, ' off-the-books', '0000-00-00 00:00:00', '0000-00-00 00:00:00'),
(976, 87, ' SSI', '0000-00-00 00:00:00', '0000-00-00 00:00:00'),
(977, 87, ' SSDI/SSA', '0000-00-00 00:00:00', '0000-00-00 00:00:00'),
(978, 87, ' VA', '0000-00-00 00:00:00', '0000-00-00 00:00:00'),
(979, 87, ' Public Assistance', '0000-00-00 00:00:00', '0000-00-00 00:00:00'),
(980, 87, ' Food Stamps', '0000-00-00 00:00:00', '0000-00-00 00:00:00'),
(981, 87, ' Sex Trade', '0000-00-00 00:00:00', '0000-00-00 00:00:00'),
(982, 87, ' Drug Trade', '0000-00-00 00:00:00', '0000-00-00 00:00:00'),
(983, 87, ' Recycling', '0000-00-00 00:00:00', '0000-00-00 00:00:00'),
(984, 87, ' Panhandling', '0000-00-00 00:00:00', '0000-00-00 00:00:00'),
(985, 87, ' Pension/Retirement', '0000-00-00 00:00:00', '0000-00-00 00:00:00'),
(986, 87, ' No Income', '0000-00-00 00:00:00', '0000-00-00 00:00:00'),
(987, 87, ' Other ', '0000-00-00 00:00:00', '0000-00-00 00:00:00'),
(991, 88, 'Yes', '0000-00-00 00:00:00', '0000-00-00 00:00:00'),
(992, 88, ' No', '0000-00-00 00:00:00', '0000-00-00 00:00:00'),
(993, 88, ' Refused', '0000-00-00 00:00:00', '0000-00-00 00:00:00'),
(994, 93, 'Yes', '0000-00-00 00:00:00', '0000-00-00 00:00:00'),
(995, 93, ' No', '0000-00-00 00:00:00', '0000-00-00 00:00:00'),
(996, 94, 'Yes', '0000-00-00 00:00:00', '0000-00-00 00:00:00'),
(997, 94, ' No', '0000-00-00 00:00:00', '0000-00-00 00:00:00'),
(998, 94, ' Refused', '0000-00-00 00:00:00', '0000-00-00 00:00:00'),
(999, 95, 'Yes', '0000-00-00 00:00:00', '0000-00-00 00:00:00'),
(1000, 95, ' No', '0000-00-00 00:00:00', '0000-00-00 00:00:00'),
(1001, 75, 'refused', '0000-00-00 00:00:00', '0000-00-00 00:00:00'),
(1002, 75, '0', '0000-00-00 00:00:00', '0000-00-00 00:00:00'),
(1003, 75, '1', '0000-00-00 00:00:00', '0000-00-00 00:00:00'),
(1004, 75, '2', '0000-00-00 00:00:00', '0000-00-00 00:00:00'),
(1005, 75, '3', '0000-00-00 00:00:00', '0000-00-00 00:00:00'),
(1006, 75, '4', '0000-00-00 00:00:00', '0000-00-00 00:00:00'),
(1007, 75, '5', '0000-00-00 00:00:00', '0000-00-00 00:00:00'),
(1008, 75, '6', '0000-00-00 00:00:00', '0000-00-00 00:00:00'),
(1009, 75, '7', '0000-00-00 00:00:00', '0000-00-00 00:00:00'),
(1010, 75, '8', '0000-00-00 00:00:00', '0000-00-00 00:00:00'),
(1011, 75, '9', '0000-00-00 00:00:00', '0000-00-00 00:00:00'),
(1012, 75, '10', '0000-00-00 00:00:00', '0000-00-00 00:00:00'),
(1013, 75, '11', '0000-00-00 00:00:00', '0000-00-00 00:00:00'),
(1014, 75, '12', '0000-00-00 00:00:00', '0000-00-00 00:00:00'),
(1015, 75, '13', '0000-00-00 00:00:00', '0000-00-00 00:00:00'),
(1016, 75, '14', '0000-00-00 00:00:00', '0000-00-00 00:00:00'),
(1017, 75, '15', '0000-00-00 00:00:00', '0000-00-00 00:00:00'),
(1018, 75, '16', '0000-00-00 00:00:00', '0000-00-00 00:00:00'),
(1019, 75, '17', '0000-00-00 00:00:00', '0000-00-00 00:00:00'),
(1020, 75, '18', '0000-00-00 00:00:00', '0000-00-00 00:00:00'),
(1021, 75, '19', '0000-00-00 00:00:00', '0000-00-00 00:00:00'),
(1022, 75, '20', '0000-00-00 00:00:00', '0000-00-00 00:00:00'),
(1023, 75, '21', '0000-00-00 00:00:00', '0000-00-00 00:00:00'),
(1024, 75, '22', '0000-00-00 00:00:00', '0000-00-00 00:00:00'),
(1025, 75, '23', '0000-00-00 00:00:00', '0000-00-00 00:00:00'),
(1026, 75, '24', '0000-00-00 00:00:00', '0000-00-00 00:00:00'),
(1027, 75, '25', '0000-00-00 00:00:00', '0000-00-00 00:00:00'),
(1028, 75, '26', '0000-00-00 00:00:00', '0000-00-00 00:00:00'),
(1029, 75, '27', '0000-00-00 00:00:00', '0000-00-00 00:00:00'),
(1030, 75, '28', '0000-00-00 00:00:00', '0000-00-00 00:00:00'),
(1031, 75, '29', '0000-00-00 00:00:00', '0000-00-00 00:00:00'),
(1032, 112, 'Shelter', '0000-00-00 00:00:00', '0000-00-00 00:00:00'),
(1033, 112, ' Outside (street; camp; park)', '0000-00-00 00:00:00', '0000-00-00 00:00:00'),
(1034, 112, ' Car; Van; RV', '0000-00-00 00:00:00', '0000-00-00 00:00:00'),
(1035, 112, ' Someone''s else''s  Place', '0000-00-00 00:00:00', '0000-00-00 00:00:00'),
(1036, 112, ' Other (specify)', '0000-00-00 00:00:00', '0000-00-00 00:00:00'),
(1083, 117, 'Yes', '0000-00-00 00:00:00', '0000-00-00 00:00:00'),
(1084, 117, ' Under Treatment', '0000-00-00 00:00:00', '0000-00-00 00:00:00'),
(1085, 117, ' No', '0000-00-00 00:00:00', '0000-00-00 00:00:00'),
(1086, 117, ' Refused', '0000-00-00 00:00:00', '0000-00-00 00:00:00'),
(1087, 118, 'Yes', '0000-00-00 00:00:00', '0000-00-00 00:00:00'),
(1088, 118, ' Under Treatment', '0000-00-00 00:00:00', '0000-00-00 00:00:00'),
(1089, 118, ' No', '0000-00-00 00:00:00', '0000-00-00 00:00:00'),
(1090, 118, ' Refused', '0000-00-00 00:00:00', '0000-00-00 00:00:00'),
(1091, 119, 'Yes', '0000-00-00 00:00:00', '0000-00-00 00:00:00'),
(1092, 119, ' Under Treatment', '0000-00-00 00:00:00', '0000-00-00 00:00:00'),
(1093, 119, ' No', '0000-00-00 00:00:00', '0000-00-00 00:00:00'),
(1094, 119, ' Refused', '0000-00-00 00:00:00', '0000-00-00 00:00:00'),
(1095, 120, 'Yes', '0000-00-00 00:00:00', '0000-00-00 00:00:00'),
(1096, 120, ' Under Treatment', '0000-00-00 00:00:00', '0000-00-00 00:00:00'),
(1097, 120, ' No', '0000-00-00 00:00:00', '0000-00-00 00:00:00'),
(1098, 120, ' Refused', '0000-00-00 00:00:00', '0000-00-00 00:00:00'),
(1099, 121, 'Yes', '0000-00-00 00:00:00', '0000-00-00 00:00:00'),
(1100, 121, ' Under Treatment', '0000-00-00 00:00:00', '0000-00-00 00:00:00'),
(1101, 121, ' No', '0000-00-00 00:00:00', '0000-00-00 00:00:00'),
(1102, 121, ' Refused', '0000-00-00 00:00:00', '0000-00-00 00:00:00'),
(1103, 122, 'Yes', '0000-00-00 00:00:00', '0000-00-00 00:00:00'),
(1104, 122, ' Under Treatment', '0000-00-00 00:00:00', '0000-00-00 00:00:00'),
(1105, 122, ' No', '0000-00-00 00:00:00', '0000-00-00 00:00:00'),
(1106, 122, ' Refused', '0000-00-00 00:00:00', '0000-00-00 00:00:00'),
(1107, 123, 'Yes', '0000-00-00 00:00:00', '0000-00-00 00:00:00'),
(1108, 123, ' Under Treatment', '0000-00-00 00:00:00', '0000-00-00 00:00:00'),
(1109, 123, ' No', '0000-00-00 00:00:00', '0000-00-00 00:00:00'),
(1110, 123, ' Refused', '0000-00-00 00:00:00', '0000-00-00 00:00:00'),
(1111, 124, 'Yes', '0000-00-00 00:00:00', '0000-00-00 00:00:00'),
(1112, 124, ' Under Treatment', '0000-00-00 00:00:00', '0000-00-00 00:00:00'),
(1113, 124, ' No', '0000-00-00 00:00:00', '0000-00-00 00:00:00'),
(1114, 124, ' Refused', '0000-00-00 00:00:00', '0000-00-00 00:00:00'),
(1115, 125, 'Yes', '0000-00-00 00:00:00', '0000-00-00 00:00:00'),
(1116, 125, ' Under Treatment', '0000-00-00 00:00:00', '0000-00-00 00:00:00'),
(1117, 125, ' No', '0000-00-00 00:00:00', '0000-00-00 00:00:00'),
(1118, 125, ' Refused', '0000-00-00 00:00:00', '0000-00-00 00:00:00'),
(1119, 126, 'Yes', '0000-00-00 00:00:00', '0000-00-00 00:00:00'),
(1120, 126, ' Under Treatment', '0000-00-00 00:00:00', '0000-00-00 00:00:00'),
(1121, 126, ' No', '0000-00-00 00:00:00', '0000-00-00 00:00:00'),
(1122, 126, ' Refused', '0000-00-00 00:00:00', '0000-00-00 00:00:00'),
(1123, 127, 'Yes', '0000-00-00 00:00:00', '0000-00-00 00:00:00'),
(1124, 127, ' Under Treatment', '0000-00-00 00:00:00', '0000-00-00 00:00:00'),
(1125, 127, ' No', '0000-00-00 00:00:00', '0000-00-00 00:00:00'),
(1126, 127, ' Refused', '0000-00-00 00:00:00', '0000-00-00 00:00:00'),
(1127, 128, 'Yes', '0000-00-00 00:00:00', '0000-00-00 00:00:00'),
(1128, 128, ' Under Treatment', '0000-00-00 00:00:00', '0000-00-00 00:00:00'),
(1129, 128, ' No', '0000-00-00 00:00:00', '0000-00-00 00:00:00'),
(1130, 128, ' Refused', '0000-00-00 00:00:00', '0000-00-00 00:00:00'),
(1197, 140, 'Yes', '0000-00-00 00:00:00', '0000-00-00 00:00:00'),
(1198, 140, ' Under Treatment', '0000-00-00 00:00:00', '0000-00-00 00:00:00'),
(1199, 140, ' No', '0000-00-00 00:00:00', '0000-00-00 00:00:00'),
(1200, 140, ' Refused', '0000-00-00 00:00:00', '0000-00-00 00:00:00'),
(1201, 141, 'Yes', '0000-00-00 00:00:00', '0000-00-00 00:00:00'),
(1202, 141, ' Under Treatment', '0000-00-00 00:00:00', '0000-00-00 00:00:00'),
(1203, 141, ' No', '0000-00-00 00:00:00', '0000-00-00 00:00:00'),
(1204, 141, ' Refused', '0000-00-00 00:00:00', '0000-00-00 00:00:00'),
(1205, 142, 'Excellent', '0000-00-00 00:00:00', '0000-00-00 00:00:00'),
(1206, 142, ' Very Good', '0000-00-00 00:00:00', '0000-00-00 00:00:00'),
(1207, 142, ' Good', '0000-00-00 00:00:00', '0000-00-00 00:00:00'),
(1208, 142, ' Fair', '0000-00-00 00:00:00', '0000-00-00 00:00:00'),
(1209, 142, ' Poor', '0000-00-00 00:00:00', '0000-00-00 00:00:00'),
(1210, 143, '0', '0000-00-00 00:00:00', '0000-00-00 00:00:00'),
(1211, 143, '1', '0000-00-00 00:00:00', '0000-00-00 00:00:00'),
(1212, 143, '2', '0000-00-00 00:00:00', '0000-00-00 00:00:00'),
(1213, 143, '3', '0000-00-00 00:00:00', '0000-00-00 00:00:00'),
(1214, 143, '4', '0000-00-00 00:00:00', '0000-00-00 00:00:00'),
(1215, 143, '5', '0000-00-00 00:00:00', '0000-00-00 00:00:00'),
(1216, 143, '6', '0000-00-00 00:00:00', '0000-00-00 00:00:00'),
(1217, 143, '7', '0000-00-00 00:00:00', '0000-00-00 00:00:00'),
(1218, 143, '8', '0000-00-00 00:00:00', '0000-00-00 00:00:00'),
(1219, 143, '9', '0000-00-00 00:00:00', '0000-00-00 00:00:00'),
(1220, 143, '10', '0000-00-00 00:00:00', '0000-00-00 00:00:00'),
(1221, 143, '11', '0000-00-00 00:00:00', '0000-00-00 00:00:00'),
(1222, 143, '12', '0000-00-00 00:00:00', '0000-00-00 00:00:00'),
(1223, 143, '13', '0000-00-00 00:00:00', '0000-00-00 00:00:00'),
(1224, 143, '14', '0000-00-00 00:00:00', '0000-00-00 00:00:00'),
(1225, 143, '15', '0000-00-00 00:00:00', '0000-00-00 00:00:00'),
(1226, 143, '16', '0000-00-00 00:00:00', '0000-00-00 00:00:00'),
(1227, 143, '17', '0000-00-00 00:00:00', '0000-00-00 00:00:00'),
(1228, 143, '18', '0000-00-00 00:00:00', '0000-00-00 00:00:00'),
(1229, 143, '19', '0000-00-00 00:00:00', '0000-00-00 00:00:00'),
(1230, 143, '20', '0000-00-00 00:00:00', '0000-00-00 00:00:00'),
(1231, 143, '21', '0000-00-00 00:00:00', '0000-00-00 00:00:00'),
(1232, 143, '22', '0000-00-00 00:00:00', '0000-00-00 00:00:00'),
(1233, 143, '23', '0000-00-00 00:00:00', '0000-00-00 00:00:00'),
(1234, 143, '24', '0000-00-00 00:00:00', '0000-00-00 00:00:00'),
(1235, 143, '25', '0000-00-00 00:00:00', '0000-00-00 00:00:00'),
(1236, 143, '26', '0000-00-00 00:00:00', '0000-00-00 00:00:00'),
(1237, 143, '27', '0000-00-00 00:00:00', '0000-00-00 00:00:00'),
(1238, 143, '28', '0000-00-00 00:00:00', '0000-00-00 00:00:00'),
(1239, 143, '29', '0000-00-00 00:00:00', '0000-00-00 00:00:00'),
(1240, 143, '30', '0000-00-00 00:00:00', '0000-00-00 00:00:00'),
(1241, 144, '0', '0000-00-00 00:00:00', '0000-00-00 00:00:00'),
(1242, 144, '1', '0000-00-00 00:00:00', '0000-00-00 00:00:00'),
(1243, 144, '2', '0000-00-00 00:00:00', '0000-00-00 00:00:00'),
(1244, 144, '3', '0000-00-00 00:00:00', '0000-00-00 00:00:00'),
(1245, 144, '4', '0000-00-00 00:00:00', '0000-00-00 00:00:00'),
(1246, 144, '5', '0000-00-00 00:00:00', '0000-00-00 00:00:00'),
(1247, 144, '6', '0000-00-00 00:00:00', '0000-00-00 00:00:00'),
(1248, 144, '7', '0000-00-00 00:00:00', '0000-00-00 00:00:00'),
(1249, 144, '8', '0000-00-00 00:00:00', '0000-00-00 00:00:00'),
(1250, 144, '9', '0000-00-00 00:00:00', '0000-00-00 00:00:00'),
(1251, 144, '10', '0000-00-00 00:00:00', '0000-00-00 00:00:00'),
(1252, 144, '11', '0000-00-00 00:00:00', '0000-00-00 00:00:00'),
(1253, 144, '12', '0000-00-00 00:00:00', '0000-00-00 00:00:00'),
(1254, 144, '13', '0000-00-00 00:00:00', '0000-00-00 00:00:00'),
(1255, 144, '14', '0000-00-00 00:00:00', '0000-00-00 00:00:00'),
(1256, 144, '15', '0000-00-00 00:00:00', '0000-00-00 00:00:00'),
(1257, 144, '16', '0000-00-00 00:00:00', '0000-00-00 00:00:00'),
(1258, 144, '17', '0000-00-00 00:00:00', '0000-00-00 00:00:00'),
(1259, 144, '18', '0000-00-00 00:00:00', '0000-00-00 00:00:00'),
(1260, 144, '19', '0000-00-00 00:00:00', '0000-00-00 00:00:00'),
(1261, 144, '20', '0000-00-00 00:00:00', '0000-00-00 00:00:00'),
(1262, 144, '21', '0000-00-00 00:00:00', '0000-00-00 00:00:00'),
(1263, 144, '22', '0000-00-00 00:00:00', '0000-00-00 00:00:00'),
(1264, 144, '23', '0000-00-00 00:00:00', '0000-00-00 00:00:00'),
(1265, 144, '24', '0000-00-00 00:00:00', '0000-00-00 00:00:00'),
(1266, 144, '25', '0000-00-00 00:00:00', '0000-00-00 00:00:00'),
(1267, 144, '26', '0000-00-00 00:00:00', '0000-00-00 00:00:00'),
(1268, 144, '27', '0000-00-00 00:00:00', '0000-00-00 00:00:00'),
(1269, 144, '28', '0000-00-00 00:00:00', '0000-00-00 00:00:00'),
(1270, 144, '29', '0000-00-00 00:00:00', '0000-00-00 00:00:00'),
(1271, 144, '30', '0000-00-00 00:00:00', '0000-00-00 00:00:00'),
(1272, 145, '0', '0000-00-00 00:00:00', '0000-00-00 00:00:00'),
(1273, 145, '1', '0000-00-00 00:00:00', '0000-00-00 00:00:00'),
(1274, 145, '2', '0000-00-00 00:00:00', '0000-00-00 00:00:00'),
(1275, 145, '3', '0000-00-00 00:00:00', '0000-00-00 00:00:00'),
(1276, 145, '4', '0000-00-00 00:00:00', '0000-00-00 00:00:00'),
(1277, 145, '5', '0000-00-00 00:00:00', '0000-00-00 00:00:00'),
(1278, 145, '6', '0000-00-00 00:00:00', '0000-00-00 00:00:00'),
(1279, 145, '7', '0000-00-00 00:00:00', '0000-00-00 00:00:00'),
(1280, 145, '8', '0000-00-00 00:00:00', '0000-00-00 00:00:00'),
(1281, 145, '9', '0000-00-00 00:00:00', '0000-00-00 00:00:00'),
(1282, 145, '10', '0000-00-00 00:00:00', '0000-00-00 00:00:00'),
(1283, 145, '11', '0000-00-00 00:00:00', '0000-00-00 00:00:00'),
(1284, 145, '12', '0000-00-00 00:00:00', '0000-00-00 00:00:00'),
(1285, 145, '13', '0000-00-00 00:00:00', '0000-00-00 00:00:00'),
(1286, 145, '14', '0000-00-00 00:00:00', '0000-00-00 00:00:00'),
(1287, 145, '15', '0000-00-00 00:00:00', '0000-00-00 00:00:00'),
(1288, 145, '16', '0000-00-00 00:00:00', '0000-00-00 00:00:00'),
(1289, 145, '17', '0000-00-00 00:00:00', '0000-00-00 00:00:00'),
(1290, 145, '18', '0000-00-00 00:00:00', '0000-00-00 00:00:00'),
(1291, 145, '19', '0000-00-00 00:00:00', '0000-00-00 00:00:00'),
(1292, 145, '20', '0000-00-00 00:00:00', '0000-00-00 00:00:00'),
(1293, 145, '21', '0000-00-00 00:00:00', '0000-00-00 00:00:00'),
(1294, 145, '22', '0000-00-00 00:00:00', '0000-00-00 00:00:00'),
(1295, 145, '23', '0000-00-00 00:00:00', '0000-00-00 00:00:00'),
(1296, 145, '24', '0000-00-00 00:00:00', '0000-00-00 00:00:00'),
(1297, 145, '25', '0000-00-00 00:00:00', '0000-00-00 00:00:00'),
(1298, 145, '26', '0000-00-00 00:00:00', '0000-00-00 00:00:00'),
(1299, 145, '27', '0000-00-00 00:00:00', '0000-00-00 00:00:00'),
(1300, 145, '28', '0000-00-00 00:00:00', '0000-00-00 00:00:00'),
(1301, 145, '29', '0000-00-00 00:00:00', '0000-00-00 00:00:00'),
(1302, 145, '30', '0000-00-00 00:00:00', '0000-00-00 00:00:00'),
(1303, 146, 'Yes', '0000-00-00 00:00:00', '0000-00-00 00:00:00'),
(1304, 146, ' No', '0000-00-00 00:00:00', '0000-00-00 00:00:00'),
(1305, 147, 'Yes', '0000-00-00 00:00:00', '0000-00-00 00:00:00'),
(1306, 147, ' No', '0000-00-00 00:00:00', '0000-00-00 00:00:00'),
(1309, 148, 'Yes', '0000-00-00 00:00:00', '0000-00-00 00:00:00'),
(1310, 148, ' No', '0000-00-00 00:00:00', '0000-00-00 00:00:00'),
(1314, 149, 'Yes', '0000-00-00 00:00:00', '0000-00-00 00:00:00'),
(1315, 149, ' No', '0000-00-00 00:00:00', '0000-00-00 00:00:00'),
(1316, 149, ' Refused', '0000-00-00 00:00:00', '0000-00-00 00:00:00'),
(1317, 150, 'Honorable', '0000-00-00 00:00:00', '0000-00-00 00:00:00'),
(1318, 150, ' Other than honorable', '0000-00-00 00:00:00', '0000-00-00 00:00:00'),
(1319, 150, ' General', '0000-00-00 00:00:00', '0000-00-00 00:00:00'),
(1320, 150, ' Medical', '0000-00-00 00:00:00', '0000-00-00 00:00:00'),
(1321, 150, ' Bad Conduct', '0000-00-00 00:00:00', '0000-00-00 00:00:00'),
(1322, 150, ' Dishonorable', '0000-00-00 00:00:00', '0000-00-00 00:00:00'),
(1323, 150, ' Refused', '0000-00-00 00:00:00', '0000-00-00 00:00:00'),
(1324, 151, 'Yes', '0000-00-00 00:00:00', '0000-00-00 00:00:00'),
(1325, 151, ' No', '0000-00-00 00:00:00', '0000-00-00 00:00:00'),
(1326, 151, ' Refused', '0000-00-00 00:00:00', '0000-00-00 00:00:00'),
(1327, 152, 'Yes', '0000-00-00 00:00:00', '0000-00-00 00:00:00'),
(1328, 152, ' No', '0000-00-00 00:00:00', '0000-00-00 00:00:00'),
(1329, 152, ' Refused', '0000-00-00 00:00:00', '0000-00-00 00:00:00'),
(1330, 153, 'Yes', '0000-00-00 00:00:00', '0000-00-00 00:00:00'),
(1331, 153, ' No', '0000-00-00 00:00:00', '0000-00-00 00:00:00'),
(1332, 153, ' Refused', '0000-00-00 00:00:00', '0000-00-00 00:00:00'),
(1348, 155, 'Yes', '0000-00-00 00:00:00', '0000-00-00 00:00:00'),
(1349, 155, ' No', '0000-00-00 00:00:00', '0000-00-00 00:00:00'),
(1350, 154, 'Work-on-the-books(earnedincome)', '0000-00-00 00:00:00', '0000-00-00 00:00:00'),
(1351, 154, ' Work-off-the-books(undertheTable)', '0000-00-00 00:00:00', '0000-00-00 00:00:00'),
(1352, 154, ' SII', '0000-00-00 00:00:00', '0000-00-00 00:00:00'),
(1353, 154, ' SSDI/SSA', '0000-00-00 00:00:00', '0000-00-00 00:00:00'),
(1354, 154, ' VA', '0000-00-00 00:00:00', '0000-00-00 00:00:00'),
(1355, 154, ' Food Stamps', '0000-00-00 00:00:00', '0000-00-00 00:00:00'),
(1356, 154, ' Unemployment', '0000-00-00 00:00:00', '0000-00-00 00:00:00'),
(1357, 154, ' Plasma Center', '0000-00-00 00:00:00', '0000-00-00 00:00:00'),
(1358, 154, ' Pension/Retirement', '0000-00-00 00:00:00', '0000-00-00 00:00:00'),
(1359, 154, ' No Income', '0000-00-00 00:00:00', '0000-00-00 00:00:00'),
(1360, 154, ' Sex Work/Trade', '0000-00-00 00:00:00', '0000-00-00 00:00:00'),
(1361, 154, ' Drug Trade', '0000-00-00 00:00:00', '0000-00-00 00:00:00'),
(1362, 154, ' Recycling/Scrapping', '0000-00-00 00:00:00', '0000-00-00 00:00:00'),
(1363, 154, ' Panhandling', '0000-00-00 00:00:00', '0000-00-00 00:00:00'),
(1364, 154, ' None of the above', '0000-00-00 00:00:00', '0000-00-00 00:00:00'),
(1365, 156, 'Conflict with roommate', '0000-00-00 00:00:00', '0000-00-00 00:00:00'),
(1366, 156, ' Divorce', '0000-00-00 00:00:00', '0000-00-00 00:00:00'),
(1367, 156, ' Natural Disaster/Fire', '0000-00-00 00:00:00', '0000-00-00 00:00:00'),
(1368, 156, ' Mental Illness', '0000-00-00 00:00:00', '0000-00-00 00:00:00'),
(1369, 156, ' Job loss', '0000-00-00 00:00:00', '0000-00-00 00:00:00'),
(1370, 156, ' Poverty', '0000-00-00 00:00:00', '0000-00-00 00:00:00'),
(1371, 156, ' Domestic violence', '0000-00-00 00:00:00', '0000-00-00 00:00:00'),
(1372, 156, ' Tragedy (e.g. death of someone close)', '0000-00-00 00:00:00', '0000-00-00 00:00:00'),
(1373, 156, ' Illness', '0000-00-00 00:00:00', '0000-00-00 00:00:00'),
(1374, 156, ' Lack of affordable housing', '0000-00-00 00:00:00', '0000-00-00 00:00:00'),
(1375, 156, ' Lack of child support', '0000-00-00 00:00:00', '0000-00-00 00:00:00'),
(1376, 156, ' Addictions', '0000-00-00 00:00:00', '0000-00-00 00:00:00'),
(1377, 156, ' Physical Disabilities', '0000-00-00 00:00:00', '0000-00-00 00:00:00'),
(1378, 156, ' Refuse to Answer', '0000-00-00 00:00:00', '0000-00-00 00:00:00'),
(1379, 157, 'NE', '0000-00-00 00:00:00', '0000-00-00 00:00:00'),
(1380, 157, ' SE', '0000-00-00 00:00:00', '0000-00-00 00:00:00'),
(1381, 157, ' SW', '0000-00-00 00:00:00', '0000-00-00 00:00:00'),
(1382, 157, ' NW', '0000-00-00 00:00:00', '0000-00-00 00:00:00'),
(1383, 157, ' Innter City', '0000-00-00 00:00:00', '0000-00-00 00:00:00'),
(1384, 157, ' Downtown', '0000-00-00 00:00:00', '0000-00-00 00:00:00'),
(1385, 158, 'Private Landlord Market Rent', '0000-00-00 00:00:00', '0000-00-00 00:00:00'),
(1386, 158, ' Room & Board', '0000-00-00 00:00:00', '0000-00-00 00:00:00'),
(1387, 158, ' Subsidized Apartment in Social Housing (i.e. Calgary Housing Company)', '0000-00-00 00:00:00', '0000-00-00 00:00:00'),
(1388, 158, ' Supporting Living (e.g. Social worker Onsite)', '0000-00-00 00:00:00', '0000-00-00 00:00:00'),
(1389, 158, ' Group Home', '0000-00-00 00:00:00', '0000-00-00 00:00:00'),
(1390, 159, 'Bedroom in a house', '0000-00-00 00:00:00', '0000-00-00 00:00:00'),
(1391, 159, ' 1 bedroom apt.', '0000-00-00 00:00:00', '0000-00-00 00:00:00'),
(1392, 159, ' Rooming house SRO with shared living space', '0000-00-00 00:00:00', '0000-00-00 00:00:00'),
(1393, 159, ' Sheared accommodations', '0000-00-00 00:00:00', '0000-00-00 00:00:00'),
(1394, 159, ' 2 bedroom apt.', '0000-00-00 00:00:00', '0000-00-00 00:00:00'),
(1395, 159, '  Basement suite', '0000-00-00 00:00:00', '0000-00-00 00:00:00'),
(1396, 159, ' Bachelor suite', '0000-00-00 00:00:00', '0000-00-00 00:00:00'),
(1397, 159, ' 3 bedroom apt.', '0000-00-00 00:00:00', '0000-00-00 00:00:00'),
(1398, 160, 'Recreation facilities', '0000-00-00 00:00:00', '0000-00-00 00:00:00'),
(1399, 160, ' ReligiousFacility(church;mosque;etc.)', '0000-00-00 00:00:00', '0000-00-00 00:00:00'),
(1400, 160, ' Friends/Family', '0000-00-00 00:00:00', '0000-00-00 00:00:00'),
(1401, 160, ' Ethno-cultural Community', '0000-00-00 00:00:00', '0000-00-00 00:00:00'),
(1402, 160, '  School', '0000-00-00 00:00:00', '0000-00-00 00:00:00'),
(1403, 160, ' Transit/Transportation', '0000-00-00 00:00:00', '0000-00-00 00:00:00'),
(1404, 164, 'Yes', '0000-00-00 00:00:00', '0000-00-00 00:00:00'),
(1405, 164, ' No', '0000-00-00 00:00:00', '0000-00-00 00:00:00'),
(1406, 164, ' Refused', '0000-00-00 00:00:00', '0000-00-00 00:00:00'),
(1407, 166, 'Cell Phone', '0000-00-00 00:00:00', '0000-00-00 00:00:00'),
(1408, 166, ' E-mail', '0000-00-00 00:00:00', '0000-00-00 00:00:00'),
(1409, 166, ' Other (e.g. Friends/Relatives)', '0000-00-00 00:00:00', '0000-00-00 00:00:00'),
(1434, 113, 'Yes', '0000-00-00 00:00:00', '0000-00-00 00:00:00'),
(1435, 113, ' No', '0000-00-00 00:00:00', '0000-00-00 00:00:00'),
(1436, 135, 'Yes', '0000-00-00 00:00:00', '0000-00-00 00:00:00'),
(1437, 135, ' Under Treatment', '0000-00-00 00:00:00', '0000-00-00 00:00:00'),
(1438, 135, ' No', '0000-00-00 00:00:00', '0000-00-00 00:00:00'),
(1439, 135, ' Refused', '0000-00-00 00:00:00', '0000-00-00 00:00:00'),
(1440, 136, 'Yes', '0000-00-00 00:00:00', '0000-00-00 00:00:00'),
(1441, 136, ' Under Treatment', '0000-00-00 00:00:00', '0000-00-00 00:00:00'),
(1442, 136, ' No', '0000-00-00 00:00:00', '0000-00-00 00:00:00'),
(1443, 136, ' Refused', '0000-00-00 00:00:00', '0000-00-00 00:00:00'),
(1444, 137, 'Yes', '0000-00-00 00:00:00', '0000-00-00 00:00:00'),
(1445, 137, ' Under Treatment', '0000-00-00 00:00:00', '0000-00-00 00:00:00'),
(1446, 137, ' No', '0000-00-00 00:00:00', '0000-00-00 00:00:00'),
(1447, 137, ' Refused', '0000-00-00 00:00:00', '0000-00-00 00:00:00'),
(1448, 138, 'Yes', '0000-00-00 00:00:00', '0000-00-00 00:00:00'),
(1449, 138, ' Under Treatment', '0000-00-00 00:00:00', '0000-00-00 00:00:00'),
(1450, 138, ' No', '0000-00-00 00:00:00', '0000-00-00 00:00:00'),
(1451, 138, ' Refused', '0000-00-00 00:00:00', '0000-00-00 00:00:00'),
(1452, 139, 'Yes', '0000-00-00 00:00:00', '0000-00-00 00:00:00'),
(1453, 139, ' Under Treatment', '0000-00-00 00:00:00', '0000-00-00 00:00:00'),
(1454, 139, ' No', '0000-00-00 00:00:00', '0000-00-00 00:00:00'),
(1455, 139, ' Refused', '0000-00-00 00:00:00', '0000-00-00 00:00:00'),
(1456, 129, 'Yes', '0000-00-00 00:00:00', '0000-00-00 00:00:00'),
(1457, 129, ' No', '0000-00-00 00:00:00', '0000-00-00 00:00:00'),
(1458, 129, ' Refused', '0000-00-00 00:00:00', '0000-00-00 00:00:00'),
(1465, 132, 'Yes', '0000-00-00 00:00:00', '0000-00-00 00:00:00'),
(1466, 132, ' No', '0000-00-00 00:00:00', '0000-00-00 00:00:00'),
(1467, 132, ' Refused', '0000-00-00 00:00:00', '0000-00-00 00:00:00'),
(1471, 133, 'Yes', '0000-00-00 00:00:00', '0000-00-00 00:00:00'),
(1472, 133, ' No', '0000-00-00 00:00:00', '0000-00-00 00:00:00'),
(1473, 133, ' Refused', '0000-00-00 00:00:00', '0000-00-00 00:00:00'),
(1474, 134, 'Yes', '0000-00-00 00:00:00', '0000-00-00 00:00:00'),
(1475, 134, ' No', '0000-00-00 00:00:00', '0000-00-00 00:00:00'),
(1476, 134, ' Refused', '0000-00-00 00:00:00', '0000-00-00 00:00:00'),
(1477, 168, 'yes', '0000-00-00 00:00:00', '0000-00-00 00:00:00'),
(1478, 168, 'no', '0000-00-00 00:00:00', '0000-00-00 00:00:00'),
(1479, 168, 'refused', '0000-00-00 00:00:00', '0000-00-00 00:00:00'),
(1480, 130, 'Yes', '0000-00-00 00:00:00', '0000-00-00 00:00:00'),
(1481, 130, ' No', '0000-00-00 00:00:00', '0000-00-00 00:00:00'),
(1482, 130, ' Refused', '0000-00-00 00:00:00', '0000-00-00 00:00:00'),
(1483, 131, 'Yes', '0000-00-00 00:00:00', '0000-00-00 00:00:00'),
(1484, 131, ' No', '0000-00-00 00:00:00', '0000-00-00 00:00:00'),
(1485, 131, ' Refused', '0000-00-00 00:00:00', '0000-00-00 00:00:00');

-- --------------------------------------------------------

--
-- Table structure for table `organizations`
--

DROP TABLE IF EXISTS `organizations`;
CREATE TABLE IF NOT EXISTS `organizations` (
  `id` int(10) unsigned NOT NULL AUTO_INCREMENT,
  `name` varchar(255) NOT NULL,
  `isDeleted` tinyint(1) NOT NULL,
  `created` datetime NOT NULL,
  `modified` datetime NOT NULL,
  PRIMARY KEY (`id`),
  KEY `name` (`name`),
  KEY `name_2` (`name`)
) ENGINE=InnoDB  DEFAULT CHARSET=latin1 AUTO_INCREMENT=4 ;

--
-- Dumping data for table `organizations`
--

INSERT INTO `organizations` (`id`, `name`, `isDeleted`, `created`, `modified`) VALUES
(1, 'test', 0, '2013-01-04 00:00:00', '2013-01-04 00:00:00'),
(2, 'United Way', 0, '2013-03-01 00:00:00', '2013-03-01 00:00:00'),
(3, 'City of Atlanta', 0, '2013-03-01 00:00:00', '2013-03-01 00:00:00');

-- --------------------------------------------------------

--
-- Table structure for table `questions`
--

DROP TABLE IF EXISTS `questions`;
CREATE TABLE IF NOT EXISTS `questions` (
  `id` int(10) unsigned NOT NULL AUTO_INCREMENT,
  `survey_id` int(10) unsigned NOT NULL,
  `grouping_id` int(10) unsigned NOT NULL,
  `internal_name` varchar(50) NOT NULL,
  `label` text NOT NULL,
  `type_id` smallint(5) unsigned NOT NULL,
  `ordering` smallint(5) unsigned NOT NULL,
  `is_used` tinyint(1) NOT NULL,
  `is_required` tinyint(1) NOT NULL,
  `created` datetime NOT NULL,
  `modified` timestamp NOT NULL DEFAULT CURRENT_TIMESTAMP ON UPDATE CURRENT_TIMESTAMP,
  `validation_1` varchar(100) DEFAULT NULL,
  `validation_2` varchar(100) DEFAULT NULL,
  `validation_3` varchar(100) DEFAULT NULL,
  `validation_4` varchar(100) DEFAULT NULL,
  PRIMARY KEY (`id`),
  KEY `grouping_id` (`grouping_id`),
  KEY `survey_id` (`survey_id`),
  KEY `type_id` (`type_id`)
) ENGINE=InnoDB  DEFAULT CHARSET=latin1 AUTO_INCREMENT=171 ;

--
-- Dumping data for table `questions`
--

INSERT INTO `questions` (`id`, `survey_id`, `grouping_id`, `internal_name`, `label`, `type_id`, `ordering`, `is_used`, `is_required`, `created`, `modified`, `validation_1`, `validation_2`, `validation_3`, `validation_4`) VALUES
(1, 1, 1, 'date_confirmation', 'Date', 1, 1, 1, 1, '2013-01-01 00:00:00', '2013-02-04 22:11:52', NULL, NULL, NULL, NULL),
(2, 1, 1, 'signature', 'Signature', 1, 2, 0, 0, '2013-01-01 00:00:00', '2013-02-04 22:11:53', NULL, NULL, NULL, NULL),
(3, 1, 2, 'lifetime_on_streets_years', 'Over your entire lifetime, whats the total time youve lived on the streets (including bus stations, underpasses, encampments, abandoned buildings, etc.) or in shelters?  YEARS:', 5, 25, 1, 1, '2013-01-01 00:00:00', '2013-02-04 22:30:08', NULL, NULL, NULL, NULL),
(4, 1, 2, 'lifetime_on_streets_months', 'Over your entire lifetime, whats the total time youve lived on the streets (including bus stations, underpasses, encampments, abandoned buildings, etc.) or in shelters? MONTHS:Test Radio', 5, 26, 1, 1, '2013-01-01 00:00:00', '2013-02-04 22:30:08', NULL, NULL, NULL, NULL),
(5, 1, 2, 'times_streets-shelters', 'How many times have you had to stay in shelters or on the streets in the past three years?', 5, 27, 1, 1, '2013-01-01 00:00:00', '2013-02-04 22:30:08', NULL, NULL, NULL, NULL),
(6, 1, 2, 'homelessness_3_years-years', 'In addition to right now, how long would you say that youve stayed in these kinds of places over the past three years? YEARS:', 5, 28, 1, 1, '2013-01-01 00:00:00', '2013-02-04 22:30:08', NULL, NULL, NULL, NULL),
(7, 1, 2, 'selectWithOther', 'Select With Other', 6, 7, 1, 0, '2013-01-01 00:00:00', '2013-02-04 22:30:08', NULL, NULL, NULL, NULL),
(8, 1, 2, 'textWithRefused2', 'Text With Refused', 5, 8, 1, 0, '2013-01-01 00:00:00', '2013-02-04 22:30:08', NULL, NULL, NULL, NULL),
(9, 1, 1, 'name_confirmation', 'Printed Name of Participant', 1, 3, 1, 1, '2013-02-04 17:01:28', '2013-02-04 22:11:53', NULL, NULL, NULL, NULL),
(10, 1, 1, 'photo_confirmation', 'Please sign below if you are willing to allow us to take your photo.', 1, 4, 1, 0, '2013-02-04 17:02:03', '2013-02-04 22:11:53', NULL, NULL, NULL, NULL),
(11, 1, 1, 'interviewer_first_name', 'INTERVIEWERS FIRST NAME ', 1, 5, 1, 1, '2013-02-04 17:02:42', '2013-02-04 22:11:53', NULL, NULL, NULL, NULL),
(12, 1, 1, 'interviewer_last_name', 'INTERVIEWERS LAST NAME ', 1, 6, 1, 1, '2013-02-04 17:04:04', '2013-02-04 22:11:53', NULL, NULL, NULL, NULL),
(13, 1, 1, 'agency', 'AGENCY NAME / AFFILIATION', 1, 7, 1, 1, '2013-02-04 17:04:30', '2013-02-04 22:11:53', NULL, NULL, NULL, NULL),
(14, 1, 1, 'location', 'Location', 1, 8, 1, 1, '2013-02-04 17:05:14', '2013-02-04 22:11:53', NULL, NULL, NULL, NULL),
(15, 1, 1, 'date_survey', 'Date', 1, 9, 1, 1, '2013-02-04 17:06:27', '2013-02-04 22:11:53', NULL, NULL, NULL, NULL),
(16, 1, 1, 'time_survey', 'Time', 1, 10, 1, 1, '2013-02-04 17:06:46', '2013-02-04 22:11:53', NULL, NULL, NULL, NULL),
(17, 1, 1, 'language_preferred', 'Preferred Language', 2, 11, 1, 1, '2013-02-04 17:08:03', '2013-02-04 22:11:53', NULL, NULL, NULL, NULL),
(18, 1, 1, 'first_name', 'First Name', 1, 12, 1, 1, '2013-02-04 17:08:27', '2013-02-04 22:11:53', NULL, NULL, NULL, NULL),
(19, 1, 1, 'last_name', 'Last Name', 1, 13, 1, 1, '2013-02-04 17:08:45', '2013-02-04 22:11:53', NULL, NULL, NULL, NULL),
(20, 1, 1, 'nickname', 'Nickname', 1, 14, 1, 1, '2013-02-04 17:09:05', '2013-02-04 22:11:53', NULL, NULL, NULL, NULL),
(21, 1, 1, 'dob', 'Date of Birth', 1, 15, 1, 1, '2013-02-04 17:09:31', '2013-02-04 22:11:53', NULL, NULL, NULL, NULL),
(22, 1, 1, 'ssn_last_4', 'SSN (last four digits)', 1, 16, 1, 1, '2013-02-04 17:09:58', '2013-02-04 22:11:53', NULL, NULL, NULL, NULL),
(23, 1, 1, 'gender', 'What is your gender?', 2, 18, 1, 1, '2013-02-04 17:10:49', '2013-02-04 22:11:53', NULL, NULL, NULL, NULL),
(24, 1, 1, 'consent_given', 'Has Consented to Participate:', 3, 17, 1, 1, '2013-02-04 17:11:45', '2013-02-04 22:11:53', NULL, NULL, NULL, NULL),
(25, 1, 1, 'ethnicity', 'What is your ethnicity? ', 6, 19, 1, 1, '2013-02-04 17:13:36', '0000-00-00 00:00:00', NULL, NULL, NULL, NULL),
(26, 1, 1, 'married', 'Are you married?', 2, 20, 1, 1, '2013-02-04 17:14:44', '0000-00-00 00:00:00', NULL, NULL, NULL, NULL),
(27, 1, 1, 'child_dependents', 'How many children under 18 live with you?', 2, 21, 1, 1, '2013-02-04 17:16:56', '0000-00-00 00:00:00', NULL, NULL, NULL, NULL),
(28, 1, 1, 'extra_household_member', 'Is there anyone else you would consider a part of your household?', 2, 22, 1, 1, '2013-02-04 17:19:01', '0000-00-00 00:00:00', NULL, NULL, NULL, NULL),
(29, 1, 1, 'extra_household_membe_ID', 'Specify your other household member', 5, 23, 1, 1, '2013-02-04 17:20:06', '0000-00-00 00:00:00', NULL, NULL, NULL, NULL),
(30, 1, 1, 'education_completed', 'What is the highest grade in school you completed?', 6, 24, 1, 1, '2013-02-04 17:21:47', '0000-00-00 00:00:00', NULL, NULL, NULL, NULL),
(31, 1, 2, 'homelessness_3_years-months', 'In addition to right now, how long would you say that youve stayed in these kinds of places over the past three years? MONTHS:', 5, 29, 1, 1, '2013-02-04 17:28:27', '2013-02-04 22:30:08', NULL, NULL, NULL, NULL),
(32, 1, 2, 'current_homlessness_years', '(If more than one) How long have you been homeless just this last time? (Current episode) YEARS:', 5, 30, 1, 1, '2013-02-04 17:29:26', '2013-02-04 22:30:08', NULL, NULL, NULL, NULL),
(33, 1, 2, 'current_homelessness_months', '(If more than one) How long have you been homeless just this last time? (Current episode) MONTHS:', 5, 31, 1, 1, '2013-02-04 17:30:29', '0000-00-00 00:00:00', NULL, NULL, NULL, NULL),
(34, 1, 2, 'freq_sleep_loc_type', 'Where do you sleep most nights right now?', 6, 32, 1, 1, '2013-02-04 17:34:03', '0000-00-00 00:00:00', NULL, NULL, NULL, NULL),
(35, 1, 2, 'freq_sleep_loc', 'What is the location or name of where you sleep most nights?', 5, 33, 1, 1, '2013-02-04 17:34:45', '0000-00-00 00:00:00', NULL, NULL, NULL, NULL),
(36, 1, 2, 'freq_day_location', 'Where do you spend most of your day? (Ask them to describe the location if they dont have a specific location)?', 5, 34, 1, 1, '2013-02-04 17:35:30', '0000-00-00 00:00:00', NULL, NULL, NULL, NULL),
(37, 1, 2, 'last_permanent_residence_loc', 'Before you became homeless where did you live? (location of last permanent residence) Speficy eighborhood, county, city name, or zip code if known)', 5, 35, 1, 1, '2013-02-04 17:38:07', '0000-00-00 00:00:00', NULL, NULL, NULL, NULL),
(38, 1, 2, 'atlanta_arrival_method', 'If you became homeless living outside of Atlanta, how did you arrive here? (Select all that apply)', 6, 36, 1, 1, '2013-02-04 17:40:26', '0000-00-00 00:00:00', NULL, NULL, NULL, NULL),
(39, 1, 2, 'homelessness_reason', 'What are some of the reasons for your current episode of homelessness (select all that apply)', 4, 37, 1, 1, '2013-02-04 17:42:22', '0000-00-00 00:00:00', NULL, NULL, NULL, NULL),
(40, 1, 2, 'homelessness_reason_main', 'Of those reasons, what would you say is the main reason for you being homeless right now?', 2, 38, 1, 1, '2013-02-04 17:43:10', '2013-02-04 22:43:32', NULL, NULL, NULL, NULL),
(41, 1, 3, 'hospitalizaion_3_months', 'Think back over the last three months. How many times have you been to the emergency room?', 5, 39, 1, 1, '2013-02-04 17:44:15', '2013-02-04 23:13:12', NULL, NULL, NULL, NULL),
(42, 1, 3, 'hospitalization_1_year', 'Now think back over the last year. How many times have you been hospitalized as an inpatient?', 5, 40, 1, 1, '2013-02-04 17:44:56', '2013-02-04 23:13:12', NULL, NULL, NULL, NULL),
(43, 1, 3, 'medical_condidtions', 'Do you have now, have you ever had, or has a healthcare provider ever told you that you have any of the following medical conditions?', 4, 41, 1, 1, '2013-02-04 17:48:49', '2013-02-04 23:13:12', NULL, NULL, NULL, NULL),
(44, 1, 3, 'medical_condidtion_liver', 'Liver disease, Cirrhosis, or End-Stage Liver Disease', 2, 42, 1, 1, '2013-02-04 17:49:55', '2013-02-04 23:13:12', NULL, NULL, NULL, NULL),
(45, 1, 3, 'medical_condition_heart', 'Heart disease, Cardiovascular, Arrhythmia, High Blood Pressure, or Irregular Heartbeat', 3, 43, 1, 1, '2013-02-04 17:51:50', '2013-02-04 23:13:12', NULL, NULL, NULL, NULL),
(46, 1, 3, 'medical_condition_HIV-AIDS', 'HIV+/AIDS', 3, 44, 1, 1, '2013-02-04 17:52:35', '2013-02-04 23:13:12', NULL, NULL, NULL, NULL),
(47, 1, 3, 'medical_condition_diabetes', 'Diabetes', 3, 45, 1, 1, '2013-02-04 17:53:05', '2013-02-04 23:13:13', NULL, NULL, NULL, NULL),
(48, 1, 3, 'medical_condition_emphysema', 'Emphysema', 3, 46, 1, 1, '2013-02-04 17:53:53', '2013-02-04 23:13:13', NULL, NULL, NULL, NULL),
(49, 1, 3, 'medical_condition_asthma', 'Asthma', 3, 47, 1, 1, '2013-02-04 17:55:40', '2013-02-04 23:13:13', NULL, NULL, NULL, NULL),
(50, 1, 3, 'medical_condition_cancer', 'Cancer', 3, 48, 1, 1, '2013-02-04 17:56:07', '2013-02-04 23:13:13', NULL, NULL, NULL, NULL),
(51, 1, 3, 'medical_condition_HepatitisC', 'Hepatitis C', 3, 49, 1, 1, '2013-02-04 17:56:42', '2013-02-04 23:13:13', NULL, NULL, NULL, NULL),
(52, 1, 3, 'medical_condition_Tuberculosis', 'Tuberculosis', 3, 50, 1, 1, '2013-02-04 17:57:19', '2013-02-04 23:13:13', NULL, NULL, NULL, NULL),
(53, 1, 3, 'medical_condition_cold', 'History of frostbite, Hypothermia, or Immersion Foot', 3, 51, 1, 1, '2013-02-04 17:58:17', '2013-02-04 23:13:13', NULL, NULL, NULL, NULL),
(54, 1, 3, 'medical_condition_heat', 'History of Heat Stroke/Heat Exhaustion', 3, 52, 1, 1, '2013-02-04 17:58:45', '2013-02-04 23:13:13', NULL, NULL, NULL, NULL),
(55, 1, 3, 'obs_phys_health_cond', 'OBSERVATION: (Do Not Ask!) Surveyor, do you observe signs or symptoms of serious physical health conditions?', 3, 53, 1, 1, '2013-02-04 17:59:32', '2013-02-04 23:13:13', NULL, NULL, NULL, NULL),
(56, 1, 3, 'drug_abuse', 'Have you ever abused drugs?', 3, 54, 1, 1, '2013-02-04 18:00:19', '2013-02-04 23:13:13', NULL, NULL, NULL, NULL),
(57, 1, 3, 'drug_injections', 'Have you ever used injection drugs or shots?', 3, 55, 1, 1, '2013-02-04 18:01:41', '2013-02-04 23:13:13', NULL, NULL, NULL, NULL),
(58, 1, 3, 'alcohol_abuse', 'Have you ever abused alcohol?', 3, 56, 1, 1, '2013-02-04 18:02:14', '2013-02-04 23:13:13', NULL, NULL, NULL, NULL),
(59, 1, 3, 'alcohol_conumption', 'Have you consumed alcohol everyday for the past month?', 3, 57, 1, 1, '2013-02-04 18:03:07', '2013-02-04 23:13:13', NULL, NULL, NULL, NULL),
(60, 1, 3, 'treatment_drugs_alcohol', 'Have you ever been treated for drug or alcohol abuse?', 3, 58, 1, 1, '2013-02-04 18:03:56', '2013-02-04 23:13:13', NULL, NULL, NULL, NULL),
(61, 1, 3, 'obs_drugs_alcohol_abuse', 'OBSERVATION: (Do Not Ask!) Surveyor, do you observe signs or symptoms of alcohol or drug abuse? ', 3, 59, 1, 1, '2013-02-04 18:05:06', '2013-02-04 23:13:13', NULL, NULL, NULL, NULL),
(62, 1, 3, 'diagnosed_illness_condition', 'Have you been diagnosed with a serious mental illness, a developmental disability, or a chronic physical illness or other disability?', 3, 60, 1, 1, '2013-02-04 18:06:41', '2013-02-04 23:13:13', NULL, NULL, NULL, NULL),
(63, 1, 3, 'diagnosis_illness_condidion_name', '(follow up) If yes, Do you know what that diagnosis was?', 5, 61, 1, 1, '2013-02-04 18:08:05', '2013-02-04 23:13:13', NULL, NULL, NULL, NULL),
(64, 1, 3, 'hospitalization_mental_reason', 'Have you ever been hospitalized for a psychiatric disorder or mental health reasons?', 3, 62, 1, 1, '2013-02-04 18:08:57', '2013-02-04 23:13:13', NULL, NULL, NULL, NULL),
(65, 1, 3, 'treatment_mental_health', 'Are you currently/have you ever received treatment for mental health issues?', 3, 63, 1, 1, '2013-02-04 18:09:37', '2013-02-04 23:13:13', NULL, NULL, NULL, NULL),
(66, 1, 3, 'obs_mental_illness', 'OBSERVATION: (Do Not Ask!) Surveyor, do you detect signs or symptoms of severe, persistent mental illness?', 3, 64, 1, 1, '2013-02-04 18:10:16', '2013-02-04 23:13:13', NULL, NULL, NULL, NULL),
(67, 1, 3, 'violent_attact_victim', 'Have you been the victim of a violent attack since youve become homeless?', 3, 65, 1, 1, '2013-02-04 18:11:00', '2013-02-04 23:13:13', NULL, NULL, NULL, NULL),
(68, 1, 3, 'perm_phys_disability', 'Do you have a permanent physical disability that limits your mobility? (wheelchair, amputation, unable to climb stairs)', 3, 66, 1, 1, '2013-02-04 18:11:48', '2013-02-04 23:13:13', NULL, NULL, NULL, NULL),
(69, 1, 3, 'hopsitalization_brain_head', 'Have you had a serious brain injury or head trauma that required hospitalization or surgery?', 3, 67, 1, 1, '2013-02-04 18:13:03', '2013-02-04 23:13:13', NULL, NULL, NULL, NULL),
(70, 1, 3, 'health_description', 'In general, would you describe your health as: ', 2, 68, 1, 1, '2013-02-04 18:14:49', '0000-00-00 00:00:00', NULL, NULL, NULL, NULL),
(71, 1, 3, 'indep_living_factors', 'Weve talked about many challenges that you are facing. Now I am going to read through a list. I want to know whether any of these will affect your ability to live independently (taking care of yourself, taking prescribed medications, taking care of you', 4, 69, 1, 1, '2013-02-04 18:17:41', '0000-00-00 00:00:00', NULL, NULL, NULL, NULL),
(72, 1, 3, 'bad_health_30_days', 'In the past 30 days were there some days when your physical health wasnt so good?', 3, 70, 1, 1, '2013-02-04 18:20:03', '0000-00-00 00:00:00', NULL, NULL, NULL, NULL),
(73, 1, 3, 'bad_health_30_days_duration', 'If you did have poor health in the last 30 days, about how many days did you have problems with your physical health?', 5, 71, 1, 1, '2013-02-04 18:21:31', '0000-00-00 00:00:00', NULL, NULL, NULL, NULL),
(74, 1, 3, 'bad_metal_health_30_days', 'In the past 30 days, did you have any days where you mental health wasnt so good (stress, depression, emotional problems)?', 3, 72, 1, 1, '2013-02-04 18:22:27', '0000-00-00 00:00:00', NULL, NULL, NULL, NULL),
(75, 1, 3, 'bad_mental_health_30_days_duration', 'If you had poor metal health in the last 30 days, about how many days in all did you have problems with stress or depression or emotional problems?', 2, 73, 1, 1, '2013-02-04 18:23:20', '2013-02-05 00:18:42', NULL, NULL, NULL, NULL),
(76, 1, 3, 'usual_routine_prob_30_days', 'In the past 30 days, were there any days where you couldnt do your usual routine like taking care of yourself, working, or doing something recreational?', 3, 74, 1, 1, '2013-02-04 18:24:08', '0000-00-00 00:00:00', NULL, NULL, NULL, NULL),
(77, 1, 3, 'routine_prob_30_days_duration', 'If had problems doing your usual routine in the last 30 days, about how many of these days did you have in the last 30 days?', 2, 75, 1, 1, '2013-02-04 18:26:35', '0000-00-00 00:00:00', NULL, NULL, NULL, NULL),
(78, 1, 3, 'asasdf', 'If you had poor metal health in the last 30 days, about how many days in all did you have problems with stress or depression or emotional problems?', 2, 73, 0, 0, '2013-02-04 18:30:35', '2013-02-04 23:32:07', NULL, NULL, NULL, NULL),
(79, 1, 3, 'insurance_type', 'What kind of health insurance do you have, if any? (check all that apply)', 4, 76, 1, 1, '2013-02-04 18:34:32', '2013-02-04 23:34:52', NULL, NULL, NULL, NULL),
(80, 1, 4, 'served_in_war', 'Have you ever served on active duty in the U.S. Armed Forces or were you ever called into active duty as a member of the National Guard or as a Reservist? (Full-time: Army, Navy, Air Force, Marine Corps, or Coast Guard)', 3, 77, 1, 1, '2013-02-04 18:36:14', '2013-02-04 23:40:33', NULL, NULL, NULL, NULL),
(81, 1, 4, 'war_service', 'If you have served in a war, which war/war era did you serve in? (Select None if no war service)', 6, 78, 1, 1, '2013-02-04 18:38:41', '2013-02-04 23:40:33', NULL, NULL, NULL, NULL),
(82, 1, 4, 'received_VA_health_care', 'Have you ever received health care or benefits from a VA center?', 3, 79, 1, 1, '2013-02-04 18:40:24', '2013-02-04 23:40:33', NULL, NULL, NULL, NULL),
(83, 1, 4, 'eligible_VA_services', 'Are you eligible for VA services?', 3, 80, 1, 1, '2013-02-04 18:41:20', '0000-00-00 00:00:00', NULL, NULL, NULL, NULL),
(84, 1, 4, 'jail_time_served', 'Have you ever been in jail or prison?', 3, 81, 1, 1, '2013-02-04 18:42:01', '0000-00-00 00:00:00', NULL, NULL, NULL, NULL),
(85, 1, 4, 'felony_conviction', 'Have you ever been convicted of a felony?', 3, 82, 1, 1, '2013-02-04 18:42:34', '0000-00-00 00:00:00', NULL, NULL, NULL, NULL),
(86, 1, 4, 'monthly_income', 'Do you have any current monthly income and how much is it? (This could be from work or benefits)?', 3, 83, 1, 1, '2013-02-04 18:43:44', '0000-00-00 00:00:00', NULL, NULL, NULL, NULL),
(87, 1, 4, 'income_method_6_months', 'What are all of the different ways youve made money in the past 6 months? Choose as many as apply', 4, 84, 1, 1, '2013-02-04 18:46:14', '0000-00-00 00:00:00', NULL, NULL, NULL, NULL),
(88, 1, 5, 'trusted_outreach_person', 'Is there a person/outreach worker that you trust more than others?', 3, 85, 1, 1, '2013-02-04 18:47:14', '2013-02-04 23:47:30', NULL, NULL, NULL, NULL),
(89, 1, 5, 'trusted_outreach_person_name', 'If you do have a trusted outreach person, do you know their name?', 5, 86, 1, 1, '2013-02-04 18:48:46', '0000-00-00 00:00:00', NULL, NULL, NULL, NULL),
(90, 1, 5, 'trusted_outreach_person_agency', 'If do have a trusted outreach person, do you know what agency they work for?', 5, 87, 1, 1, '2013-02-04 18:50:06', '0000-00-00 00:00:00', NULL, NULL, NULL, NULL),
(91, 1, 5, 'client_cell_phone', 'Do you have a cell phone number where you can be reached?', 5, 88, 1, 1, '2013-02-04 18:51:02', '0000-00-00 00:00:00', NULL, NULL, NULL, NULL),
(92, 1, 5, 'client_email', 'Do you have an email address where you can be reached?', 5, 88, 1, 1, '2013-02-04 18:51:43', '0000-00-00 00:00:00', NULL, NULL, NULL, NULL),
(93, 1, 6, 'obs_basicNeeds', 'OBSERVATION: (Do Not Ask!) Surveyor, do you observe signs of not being able to meet basic needs? (poor hygiene/clothing, unable to access food on own, no insight on needs)', 3, 89, 1, 1, '2013-02-04 18:56:35', '0000-00-00 00:00:00', NULL, NULL, NULL, NULL),
(94, 1, 6, 'obs_mental_cond', 'OBSERVATION: (Do Not Ask!) Surveyor, do you observe signs of confusion, disorientation, evidence of dementia, or memory impairment?', 3, 90, 1, 1, '2013-02-04 18:57:19', '0000-00-00 00:00:00', NULL, NULL, NULL, NULL),
(95, 1, 6, 'obs_social_behavior', 'OBSERVATION: (Do Not Ask!) Surveyor, do you observe signs of problematic social behavior? (responds in angry, profane, obscene, or verbally menacing ways, intimidating, difficulty engaging, yells, screams, or talks to self)', 3, 91, 1, 1, '2013-02-04 18:58:03', '0000-00-00 00:00:00', NULL, NULL, NULL, NULL),
(96, 1, 6, 'photo_approved', 'CAN I TAKE YOUR PHOTO? Note: Additional signature on consent form required for photo. (PHOTO ID#): ', 5, 92, 1, 1, '2013-02-04 18:59:15', '0000-00-00 00:00:00', NULL, NULL, NULL, NULL),
(97, 1, 6, 'survey_incentive_received', 'I acknowledge that I received an incentive for this survey (INITIALS):', 1, 93, 1, 1, '2013-02-04 19:00:12', '0000-00-00 00:00:00', NULL, NULL, NULL, NULL),
(98, 1, 6, 'additional_comments', 'Additional Comments:', 1, 94, 1, 1, '2013-02-04 19:00:48', '0000-00-00 00:00:00', NULL, NULL, NULL, NULL),
(101, 3, 7, 'language_new-vi', 'In what language do you feel best able to express yourself?', 1, 8, 1, 1, '2013-03-05 11:47:52', '2013-03-08 20:31:10', NULL, NULL, NULL, NULL),
(104, 3, 8, 'interviewer_name_new-vi', 'Interviewer''s Name', 1, 1, 1, 1, '2013-03-05 11:48:58', '0000-00-00 00:00:00', NULL, NULL, NULL, NULL),
(105, 3, 8, 'agency_name_new-vi', 'Agency''s Name', 1, 2, 1, 1, '2013-03-05 11:49:29', '0000-00-00 00:00:00', NULL, NULL, NULL, NULL),
(106, 3, 8, 'date_new-vi', 'Date', 11, 3, 1, 1, '2013-03-05 11:49:50', '2013-03-08 21:44:47', NULL, NULL, NULL, NULL),
(107, 3, 8, 'time_new-vi', 'Time', 1, 4, 1, 1, '2013-03-05 11:50:07', '0000-00-00 00:00:00', NULL, NULL, NULL, NULL),
(108, 3, 9, 'homeless_time_total_years_new-vi', 'What is the total length of time you lived on the street or shelters?', 10, 1, 1, 1, '2013-03-05 11:51:52', '2013-03-08 21:46:01', NULL, NULL, NULL, NULL),
(109, 3, 9, 'homeless_time_total_months_new-vi', 'What is the total length of time you lived on the street or shelters?(MONTHS)', 1, 3, 0, 1, '2013-03-05 11:53:06', '2013-03-08 21:47:52', NULL, NULL, NULL, NULL),
(110, 3, 9, 'homeless_past_3_years_new-vi', 'In the past three years, how many times have you been homeless and then housed again? (Homeless -lack of stable, permanent housing; housed - permanent, stable housing not including transitional housing.)', 10, 3, 1, 1, '2013-03-05 11:55:07', '2013-03-08 21:48:32', NULL, NULL, NULL, NULL),
(111, 3, 9, 'homeless_past_3_months_new-vi', 'In the past three years, how many times have you been homeless and then housed again? (Homeless -lack of stable, permanent housing; housed - permanent, stable housing not including transitional housing.)', 1, 4, 0, 1, '2013-03-05 11:55:47', '2013-03-08 21:55:00', NULL, NULL, NULL, NULL),
(112, 3, 9, 'frequent_sleep_location_new-vi', 'Where do you sleep most frequently (Check one)', 6, 5, 1, 1, '2013-03-05 11:58:15', '2013-03-05 16:58:29', NULL, NULL, NULL, NULL),
(113, 3, 9, 'lose_housing_risk_new-vi', 'If you are currently housed, are you at risk of losing your housing?', 3, 6, 1, 1, '2013-03-05 11:59:32', '2013-03-08 21:59:04', NULL, NULL, NULL, NULL),
(114, 3, 10, 'emergency_room_past_3_months_new-vi', 'How many times have you been to the emergency room in the past three months?', 5, 1, 1, 1, '2013-03-05 12:03:01', '2013-03-08 21:27:56', 'numeric', NULL, NULL, NULL),
(115, 3, 10, 'hospital_past_year_new-vi', 'How many times have you been hospitalized as an inpatient in the past year?', 5, 2, 1, 1, '2013-03-05 12:04:21', '2013-03-08 21:27:38', 'numeric', NULL, NULL, NULL),
(116, 3, 10, 'medical_conditions_new-vi', 'Do you have now, have you ever had, or has a health care provider ever told you that you have any of the following medical conditions?', 1, 3, 1, 0, '2013-03-05 12:07:12', '2013-03-05 23:07:21', NULL, NULL, NULL, NULL),
(117, 3, 10, 'kidney_end_stage_renal_new-vi', 'Kidney disease, end Stage Renal Disease, or Dialysis', 2, 4, 1, 1, '2013-03-05 12:08:51', '2013-03-05 23:07:21', NULL, NULL, NULL, NULL),
(118, 3, 10, 'liver_new-vi', 'liver disease, Cirrhosis, or End-Stage Liver Disease ', 2, 5, 1, 1, '2013-03-05 12:09:47', '2013-03-05 23:07:21', NULL, NULL, NULL, NULL),
(119, 3, 10, 'heart_condition_new-vi', 'Heart Disease, Cardiovascular, Arrhythmias,  irregular heart beat ', 2, 6, 1, 1, '2013-03-05 12:10:34', '2013-03-05 23:07:21', NULL, NULL, NULL, NULL),
(120, 3, 10, 'hiv_aids_new-vi', 'HIV/ AIDS ', 2, 7, 1, 1, '2013-03-05 12:11:09', '2013-03-05 23:07:21', NULL, NULL, NULL, NULL),
(121, 3, 10, 'diabetes_new-vi', 'Diabetes', 2, 8, 1, 1, '2013-03-05 12:11:51', '2013-03-05 23:07:21', NULL, NULL, NULL, NULL),
(122, 3, 10, 'frostbite_hypothermia_immersion_foot_new-vi', 'History of frostbite, hypothermia, or immersion Foot', 2, 9, 1, 1, '2013-03-05 12:13:18', '2013-03-05 23:07:21', NULL, NULL, NULL, NULL),
(123, 3, 10, 'stroke_heat_exhaustion', 'History of heart stroke/heat exhaustion', 2, 10, 1, 1, '2013-03-05 12:14:36', '2013-03-05 23:07:21', NULL, NULL, NULL, NULL),
(124, 3, 10, 'emphysema_new-vi', 'Emphysema', 2, 11, 1, 1, '2013-03-05 12:15:18', '2013-03-05 23:07:21', NULL, NULL, NULL, NULL),
(125, 3, 10, 'asthma_new-vi', 'Asthma', 2, 12, 1, 1, '2013-03-05 12:15:55', '2013-03-05 23:07:21', NULL, NULL, NULL, NULL),
(126, 3, 10, 'cancer_new-vi', 'Cancer', 2, 13, 1, 1, '2013-03-05 12:16:26', '2013-03-05 23:07:21', NULL, NULL, NULL, NULL),
(127, 3, 10, 'hepatitis_c_new-vi', 'Hepatitis C', 2, 14, 1, 1, '2013-03-05 18:00:48', '2013-03-05 23:07:21', NULL, NULL, NULL, NULL),
(128, 3, 10, 'tuberculosis_new-vi', 'Tuberculosis', 2, 15, 1, 1, '2013-03-05 18:01:23', '2013-03-05 23:07:21', NULL, NULL, NULL, NULL),
(129, 3, 17, 'abused_alcohol_drugs_new-vi', 'Have you ever abused drugs or alcohol or have you told you do?', 2, 1, 1, 1, '2013-03-05 18:02:54', '2013-03-08 20:54:42', NULL, NULL, NULL, NULL),
(130, 3, 17, 'alcohol_consumption_new-vi', 'Have you consumed alcohol every day for the past month?', 2, 2, 1, 1, '2013-03-05 18:03:52', '2013-03-08 21:19:14', NULL, NULL, NULL, NULL),
(131, 3, 17, 'injection_drugs_new-vi', 'Have you ever used inject drugs or shots for other than medical purposes?', 2, 3, 1, 1, '2013-03-05 18:04:50', '2013-03-08 21:19:38', NULL, NULL, NULL, NULL),
(132, 3, 17, 'drug_treatment_new-vi', 'Have you ever been treated for drugs abuse?', 2, 4, 1, 1, '2013-03-05 18:06:39', '2013-03-08 20:55:56', NULL, NULL, NULL, NULL),
(133, 3, 17, 'alcohol_treatment_new-vi', 'Have you ever been treated for alcohol abuse?', 2, 5, 1, 1, '2013-03-05 18:08:00', '2013-03-08 20:56:26', NULL, NULL, NULL, NULL),
(134, 3, 17, 'obs_abuse_alcohol_drugs_new-vi', 'DO NOT ASK: Surveyor, do you observe signs of symptoms of alcohol or drug abuse? (deterioration self-care, active use)', 2, 6, 1, 1, '2013-03-05 18:09:10', '2013-03-08 20:56:51', NULL, NULL, NULL, NULL),
(135, 3, 15, 'mental_health_diagnosis_new-vi', 'Have you ever been diagnosed with a mental health issues?', 2, 1, 1, 1, '2013-03-05 18:11:20', '2013-03-08 20:49:12', NULL, NULL, NULL, NULL),
(136, 3, 15, 'mental_issue_treatment_new-vi', 'Are you currently or have you ever received treatment for mental issue? ', 2, 2, 1, 1, '2013-03-05 18:12:34', '2013-03-08 20:49:36', NULL, NULL, NULL, NULL),
(137, 3, 15, 'mental_hospitalization_new-vi', 'Have you ever been hospitalized for a psychiatric disorder or mental health reasons?', 2, 3, 1, 1, '2013-03-05 18:14:00', '2013-03-08 20:50:47', NULL, NULL, NULL, NULL),
(138, 3, 15, 'obs_mental_issue_symptoms_new-vi', 'DO NOT ASK: Surveyor, do you observe signs of symptoms of mental health issues? (talking to self, distracted, paranoia, fearful, phobic, depressed, manic mood)', 2, 4, 1, 1, '2013-03-05 18:16:47', '2013-03-08 20:51:24', NULL, NULL, NULL, NULL),
(139, 3, 16, 'victim_violent_experience_new-vi', 'Have you been the victim of a violent attack since you''ve become homeless?', 2, 1, 1, 1, '2013-03-05 18:18:32', '2013-03-08 20:52:39', NULL, NULL, NULL, NULL),
(140, 3, 11, 'disability_physical_permanent_new-vi', 'Do you have a permanent physical disability that limits your mobility/ [i.e., wheelchair, amputation, b) unable to climb stairs)?', 2, 1, 1, 1, '2013-03-05 18:20:04', '2013-03-05 23:32:00', NULL, NULL, NULL, NULL),
(141, 3, 11, 'brain_injury_head_trauma_surgery_new-vi', 'Have you had a serious brain injury or head trauma that required hospitalization or surgery?', 2, 2, 1, 1, '2013-03-05 18:21:09', '2013-03-05 23:32:00', NULL, NULL, NULL, NULL),
(142, 3, 11, 'health_condition_new-vi', 'Would you say your health is', 3, 3, 1, 1, '2013-03-05 18:23:48', '2013-03-05 23:32:01', NULL, NULL, NULL, NULL),
(143, 3, 11, 'days_bad_physical_health_new-vi', 'Thinking about your physical health, which includes physical illness and injury, for how many days during the past 30 days was your physical health not good?', 2, 4, 1, 1, '2013-03-05 18:25:10', '2013-03-05 23:32:01', NULL, NULL, NULL, NULL),
(144, 3, 11, 'days_bad_mental_health_new-vi', 'Thinking about your mental health, which includes stress, depression, and problems with emotions, for how many days during the past 30 days was your mental health not good? ', 2, 5, 1, 1, '2013-03-05 18:25:53', '2013-03-05 23:32:01', NULL, NULL, NULL, NULL),
(145, 3, 11, 'days_daily_routine_not_possible_new-vi', 'During the past 30 days for about how many days did poor physical or mental health  keep you from doing your usual activities, such as self-care, work, or recreation? ', 2, 6, 1, 1, '2013-03-05 18:27:59', '2013-03-05 23:32:01', NULL, NULL, NULL, NULL),
(146, 3, 11, 'obs_basic_needs_unfulfilled_new-vi', 'DO NOT ASK: Do you observe signs of client not able to meet basic needs (poor hygiene/clothing, unable o access food on own, not insight on needs)', 2, 7, 1, 1, '2013-03-05 18:31:53', '2013-03-05 23:32:01', NULL, NULL, NULL, NULL),
(147, 3, 11, 'obs_mental_impairment_new-vi', 'DO NOT ASK: Do you observe sights of confusion, disorientation, evidence of developmental disability, dementia, memory impairment)', 2, 8, 1, 1, '2013-03-05 18:35:32', '0000-00-00 00:00:00', NULL, NULL, NULL, NULL),
(148, 3, 11, 'obs_social_problems_new-vi', 'DO NOT ASK: Do you observe signs of problematic social behavior (responds in angry, profane, obscene or menacing verbal ways, intimidating, impaired ability to deal with stress, no apparent social network, difficulty engaging positively with others, isolated, yells, talks to self.', 2, 9, 1, 1, '2013-03-05 18:37:43', '2013-03-05 23:42:48', NULL, NULL, NULL, NULL),
(149, 3, 12, 'veteran_US_military_new-vi', 'Have you served in the US military?', 3, 1, 1, 1, '2013-03-05 18:44:47', '2013-03-05 23:45:14', NULL, NULL, NULL, NULL),
(150, 3, 12, 'veteran_discharge_status_new-vi', 'If have served in the US military,what was the character of your discharge?\r\n', 3, 2, 1, 1, '2013-03-05 18:47:18', '0000-00-00 00:00:00', NULL, NULL, NULL, NULL),
(151, 3, 12, 'prison_new-vi', 'Have you ever been in prison?', 3, 3, 1, 1, '2013-03-07 22:39:04', '0000-00-00 00:00:00', NULL, NULL, NULL, NULL),
(152, 3, 12, 'domestic_violence_leave_new-vi', 'Have you ever left home because of domestic violence?', 2, 4, 1, 1, '2013-03-07 22:39:50', '0000-00-00 00:00:00', NULL, NULL, NULL, NULL),
(153, 3, 12, 'foster_care_abused_neglected_new-vi', 'Have you ever been in foster care or abused or neglected?', 3, 5, 1, 1, '2013-03-07 22:40:31', '0000-00-00 00:00:00', NULL, NULL, NULL, NULL),
(154, 3, 12, 'make_money_new-vi', 'How do you make money (choose as many as apply)', 6, 6, 1, 1, '2013-03-07 22:43:13', '2013-03-08 03:44:09', NULL, NULL, NULL, NULL),
(155, 3, 12, 'financial_support_new-vi', 'Do you receive any financial support from friends or family?\r\n', 3, 7, 1, 1, '2013-03-07 22:44:00', '0000-00-00 00:00:00', NULL, NULL, NULL, NULL),
(156, 3, 12, 'current_homlessness_reason_new-vi', 'What is the reason for your current episode of homelessness\r\n', 2, 8, 1, 1, '2013-03-07 22:47:15', '0000-00-00 00:00:00', NULL, NULL, NULL, NULL),
(157, 3, 13, 'prefered_location_new-vi', 'Location:\r\n', 6, 1, 1, 1, '2013-03-07 22:49:26', '0000-00-00 00:00:00', NULL, NULL, NULL, NULL),
(158, 3, 13, 'housing_type_new-vi', 'Housing type:\r\n', 6, 2, 1, 1, '2013-03-07 22:51:37', '0000-00-00 00:00:00', NULL, NULL, NULL, NULL),
(159, 3, 13, 'housing_form_new-vi', 'Housing form:\r\n', 6, 3, 1, 1, '2013-03-07 22:53:16', '0000-00-00 00:00:00', NULL, NULL, NULL, NULL),
(160, 3, 13, 'nearby_importance_new-vi', 'Is it important for you housing to be close to:', 6, 4, 1, 1, '2013-03-07 22:55:18', '0000-00-00 00:00:00', NULL, NULL, NULL, NULL),
(161, 3, 13, 'accessibility_issues_new-vi', 'Are there any accessibility issues your housing should accommodate? If so, can you descried (i.e. wheelchair,\r\naccessible, need an elevator)\r\n\r\n', 1, 5, 1, 1, '2013-03-07 22:55:56', '0000-00-00 00:00:00', NULL, NULL, NULL, NULL),
(162, 3, 13, 'living_companions_new-vi', 'Who would live with you and how many (ie. no one, my partner, daughter and son)?\r\n', 1, 6, 1, 1, '2013-03-07 22:56:51', '0000-00-00 00:00:00', NULL, NULL, NULL, NULL),
(163, 3, 13, 'successful_support_needed_new-vi', 'What supports would you need to be successful in staying housed? (l.e. financial assistance, budgeting help,\r\ncase manager that comes in when needed, or live-in support worker)?\r\n', 1, 7, 1, 1, '2013-03-07 22:57:43', '0000-00-00 00:00:00', NULL, NULL, NULL, NULL),
(164, 3, 13, 'support_person_new-vi', 'Is there a person you can turn to for support?\r\n', 3, 8, 1, 1, '2013-03-07 22:58:17', '0000-00-00 00:00:00', NULL, NULL, NULL, NULL),
(165, 3, 13, 'support_person_name_new-vi', 'If there is someone you can turn to for support, who is he or she?\r\n', 1, 9, 1, 1, '2013-03-07 22:59:22', '0000-00-00 00:00:00', NULL, NULL, NULL, NULL),
(166, 3, 14, 'contact_method_new-vi', 'In the case we want to get in touch with you for housing opportunities at some point in the future, what is the best way to get in touch with you?', 3, 1, 1, 1, '2013-03-07 23:02:22', '0000-00-00 00:00:00', NULL, NULL, NULL, NULL),
(167, 3, 14, 'contact_method_details_new-vi', 'Please give us information required to contact you via your method of choice in the previous question.', 5, 2, 1, 1, '2013-03-07 23:04:06', '2013-03-08 04:04:17', NULL, NULL, NULL, NULL),
(168, 3, 10, 'obs_serious_physical_health', 'DO NOT ASK: Surveyor, do you observe signs or symptoms of serious physical health condition?', 2, 16, 1, 1, '2013-03-08 16:00:42', '0000-00-00 00:00:00', NULL, NULL, NULL, NULL),
(170, 5, 19, 'how many', 'How many times over last 30 days did you do something?', 1, 1, 1, 1, '2013-03-08 16:35:03', '0000-00-00 00:00:00', 'numeric', NULL, NULL, NULL);

-- --------------------------------------------------------

--
-- Table structure for table `surveys`
--

DROP TABLE IF EXISTS `surveys`;
CREATE TABLE IF NOT EXISTS `surveys` (
  `id` int(10) unsigned NOT NULL AUTO_INCREMENT,
  `organization_id` int(10) unsigned NOT NULL,
  `label` varchar(255) NOT NULL,
  `isActive` tinyint(1) NOT NULL,
  `isDeleted` tinyint(1) NOT NULL,
  `created` datetime NOT NULL,
  `modified` datetime NOT NULL,
  PRIMARY KEY (`id`)
) ENGINE=InnoDB  DEFAULT CHARSET=latin1 AUTO_INCREMENT=6 ;

--
-- Dumping data for table `surveys`
--

INSERT INTO `surveys` (`id`, `organization_id`, `label`, `isActive`, `isDeleted`, `created`, `modified`) VALUES
(1, 3, 'City of Atlanta Survey', 1, 0, '2013-01-01 00:00:00', '2013-02-04 19:03:25'),
(3, 2, 'United Way VI Survey', 1, 0, '2013-03-05 11:44:57', '2013-03-05 11:45:02'),
(5, 1, 'Testing VI', 1, 0, '2013-03-08 16:34:10', '2013-03-08 16:34:13');

-- --------------------------------------------------------

--
-- Table structure for table `survey_instances`
--

DROP TABLE IF EXISTS `survey_instances`;
CREATE TABLE IF NOT EXISTS `survey_instances` (
  `id` int(10) unsigned NOT NULL AUTO_INCREMENT,
  `survey_id` int(10) unsigned NOT NULL,
  `client_id` int(10) unsigned NOT NULL,
  `user_id` int(10) unsigned NOT NULL,
  `vi_score` double unsigned NOT NULL,
  `isDeleted` tinyint(1) NOT NULL,
  `created` datetime NOT NULL,
  `modified` datetime NOT NULL,
  PRIMARY KEY (`id`),
  UNIQUE KEY `client_id` (`client_id`),
  KEY `survey_id` (`survey_id`),
  KEY `user_id` (`user_id`)
) ENGINE=InnoDB  DEFAULT CHARSET=latin1 AUTO_INCREMENT=11 ;

--
-- Dumping data for table `survey_instances`
--

INSERT INTO `survey_instances` (`id`, `survey_id`, `client_id`, `user_id`, `vi_score`, `isDeleted`, `created`, `modified`) VALUES
(6, 5, 72, 10, 0.5, 0, '2013-03-08 16:37:36', '2013-03-08 16:37:36'),
(7, 5, 73, 10, 0, 0, '2013-03-08 16:39:42', '2013-03-08 16:39:42'),
(8, 5, 74, 10, 0.5, 0, '2013-03-08 16:40:20', '2013-03-08 16:40:20'),
(9, 5, 75, 10, 0.5, 0, '2013-03-08 16:43:44', '2013-03-08 16:43:44'),
(10, 5, 76, 10, 1, 0, '2013-03-08 16:47:39', '2013-03-08 16:47:39');

-- --------------------------------------------------------

--
-- Table structure for table `types`
--

DROP TABLE IF EXISTS `types`;
CREATE TABLE IF NOT EXISTS `types` (
  `id` smallint(5) unsigned NOT NULL AUTO_INCREMENT,
  `label` varchar(255) NOT NULL,
  `created` datetime NOT NULL,
  `modified` datetime NOT NULL,
  PRIMARY KEY (`id`)
) ENGINE=InnoDB  DEFAULT CHARSET=latin1 AUTO_INCREMENT=12 ;

--
-- Dumping data for table `types`
--

INSERT INTO `types` (`id`, `label`, `created`, `modified`) VALUES
(1, 'text', '2013-01-01 00:00:00', '2013-01-01 00:00:00'),
(2, 'select', '2013-01-01 00:00:00', '2013-01-01 00:00:00'),
(3, 'radio', '2013-01-01 00:00:00', '2013-01-01 00:00:00'),
(4, 'checkbox', '2013-01-01 00:00:00', '2013-01-01 00:00:00'),
(5, 'textWithRefused', '2013-01-01 00:00:00', '2013-01-01 00:00:00'),
(6, 'selectWithOther', '2013-01-01 00:00:00', '2013-01-01 00:00:00'),
(7, 'textArea', '2013-03-01 00:00:00', '2013-03-01 00:00:00'),
(8, 'textAreaWithRefused', '2013-03-01 00:00:00', '2013-03-01 00:00:00'),
(9, 'checkboxWithOther', '2013-03-01 00:00:00', '2013-03-01 00:00:00'),
(10, 'monthsYears', '2013-03-01 00:00:00', '2013-03-01 00:00:00'),
(11, 'date', '2013-03-01 00:00:00', '2013-03-01 00:00:00');

-- --------------------------------------------------------

--
-- Table structure for table `users`
--

DROP TABLE IF EXISTS `users`;
CREATE TABLE IF NOT EXISTS `users` (
  `id` int(10) unsigned NOT NULL AUTO_INCREMENT,
  `username` varchar(127) NOT NULL,
  `password` varchar(127) NOT NULL,
  `first_name` varchar(50) NOT NULL,
  `last_name` varchar(50) NOT NULL,
  `organization_id` int(10) unsigned NOT NULL,
  `type` enum('volunteer','user','admin','superAdmin') NOT NULL DEFAULT 'volunteer',
  `isDeleted` tinyint(1) NOT NULL,
  `created` datetime NOT NULL,
  `modified` datetime NOT NULL,
  PRIMARY KEY (`id`),
  KEY `org_id` (`organization_id`)
) ENGINE=InnoDB  DEFAULT CHARSET=latin1 AUTO_INCREMENT=11 ;

--
-- Dumping data for table `users`
--

INSERT INTO `users` (`id`, `username`, `password`, `first_name`, `last_name`, `organization_id`, `type`, `isDeleted`, `created`, `modified`) VALUES
(1, 'samwise', '9202ec3a18879d7cebb45e66ffd923cf854df31c', 'samwise', 'gamgee', 1, 'volunteer', 0, '2013-01-02 00:00:00', '2013-01-02 00:00:00'),
(3, 'super', 'f866b09d9052ff185fb86bb035d40a0e363990be', 'super', 'super', 1, 'superAdmin', 0, '2013-01-31 00:00:00', '2013-01-31 00:00:00'),
(4, 'cityAtlantaAdmin', 'f866b09d9052ff185fb86bb035d40a0e363990be', 'admin', 'admin', 3, 'admin', 0, '2013-01-31 00:00:00', '2013-01-31 00:00:00'),
(5, 'cityAtlantaUser', 'f866b09d9052ff185fb86bb035d40a0e363990be', 'user', 'user', 3, 'user', 0, '2013-01-31 00:00:00', '2013-02-25 18:52:23'),
(6, 'cityAtlantaVolunteer', 'f866b09d9052ff185fb86bb035d40a0e363990be', 'vol', 'vol', 3, 'volunteer', 0, '2013-01-31 00:00:00', '2013-01-31 00:00:00'),
(7, 'tim', '835add4dd3eb5709fe467bcc86d8d7a8385233e4', 'Tim', 'Henning', 2, 'admin', 0, '2013-03-08 15:41:56', '2013-03-08 15:41:56'),
(8, 'unitedWayVolunteer', 'f866b09d9052ff185fb86bb035d40a0e363990be', 'United', 'Way', 2, 'volunteer', 0, '2013-03-08 15:44:52', '2013-03-08 15:44:52'),
(9, 'unitedWayUser', 'f866b09d9052ff185fb86bb035d40a0e363990be', 'United', 'Way', 2, 'user', 0, '2013-03-08 15:47:27', '2013-03-08 15:47:27'),
(10, 'admin', '6e6dbd12bba6127f4d44f839e44a71fa779ee945', 'Admin', 'User', 1, 'admin', 0, '2013-03-08 00:00:00', '2013-03-08 00:00:00');

-- --------------------------------------------------------

--
-- Table structure for table `validations`
--

DROP TABLE IF EXISTS `validations`;
CREATE TABLE IF NOT EXISTS `validations` (
  `id` smallint(5) unsigned NOT NULL AUTO_INCREMENT,
  `label` varchar(255) NOT NULL,
  `regex` varchar(255) NOT NULL,
  `created` datetime NOT NULL,
  `modified` datetime NOT NULL,
  PRIMARY KEY (`id`)
) ENGINE=InnoDB  DEFAULT CHARSET=latin1 AUTO_INCREMENT=11 ;

--
-- Dumping data for table `validations`
--

INSERT INTO `validations` (`id`, `label`, `regex`, `created`, `modified`) VALUES
(1, 'alphanumeric', 'alphanumeric', '0000-00-00 00:00:00', '0000-00-00 00:00:00'),
(2, 'numeric', 'numeric', '0000-00-00 00:00:00', '0000-00-00 00:00:00'),
(3, 'phone', 'phone', '2013-03-08 00:00:00', '2013-03-08 00:00:00'),
(4, 'credit card', 'cc', '2013-03-08 00:00:00', '2013-03-08 00:00:00'),
(5, 'boolean', 'boolean', '2013-03-08 00:00:00', '2013-03-08 00:00:00'),
(6, 'decimal', 'decimal', '2013-03-08 00:00:00', '2013-03-08 00:00:00'),
(7, 'email', 'email', '2013-03-08 00:00:00', '2013-03-08 00:00:00'),
(8, 'unique', 'isUnique', '2013-03-08 00:00:00', '2013-03-08 00:00:00'),
(9, 'zipcode', 'postal', '2013-03-08 00:00:00', '2013-03-08 00:00:00'),
(10, 'money', 'money', '2013-03-08 00:00:00', '2013-03-08 00:00:00');

-- --------------------------------------------------------

--
-- Table structure for table `vi_criteria`
--

DROP TABLE IF EXISTS `vi_criteria`;
CREATE TABLE IF NOT EXISTS `vi_criteria` (
  `id` int(10) unsigned NOT NULL AUTO_INCREMENT,
  `survey_id` int(10) unsigned NOT NULL,
  `question_id` int(10) unsigned DEFAULT NULL,
  `type` enum('question','grouping') NOT NULL,
  `relational_operator` enum('<','>','=','<=','>=') DEFAULT NULL,
  `values` varchar(255) NOT NULL,
  `weight` float NOT NULL,
  `created` datetime NOT NULL,
  `modified` datetime NOT NULL,
  PRIMARY KEY (`id`),
  KEY `question_id` (`question_id`),
  KEY `survey_id` (`survey_id`)
) ENGINE=InnoDB  DEFAULT CHARSET=latin1 AUTO_INCREMENT=26 ;

--
-- Dumping data for table `vi_criteria`
--

INSERT INTO `vi_criteria` (`id`, `survey_id`, `question_id`, `type`, `relational_operator`, `values`, `weight`, `created`, `modified`) VALUES
(1, 3, 117, 'question', '=', 'Yes', 1, '2013-03-08 15:37:24', '2013-03-08 15:37:24'),
(2, 3, 118, 'question', '=', 'Yes', 1, '2013-03-08 15:38:14', '2013-03-08 15:38:14'),
(3, 3, 119, 'question', '=', 'Yes', 1, '2013-03-08 15:38:49', '2013-03-08 15:38:49'),
(4, 3, 168, 'question', '=', 'yes', 1, '2013-03-08 16:01:04', '2013-03-08 16:01:04'),
(5, 3, 120, 'question', '=', 'Yes', 0.5, '2013-03-08 16:01:44', '2013-03-08 16:01:44'),
(6, 3, 121, 'question', '=', 'Yes', 0.5, '2013-03-08 16:02:48', '2013-03-08 16:02:48'),
(7, 3, 142, 'question', '=', 'Poor', 1, '2013-03-08 16:03:40', '2013-03-08 16:03:40'),
(8, 3, 143, 'question', '>', '14', 0.5, '2013-03-08 16:05:44', '2013-03-08 16:10:25'),
(9, 3, 143, 'question', '>=', '1', 0.5, '2013-03-08 16:06:17', '2013-03-08 16:10:07'),
(10, 3, 144, 'question', '>', '14', 0.5, '2013-03-08 16:08:41', '2013-03-08 16:10:46'),
(11, 3, 144, 'question', '>=', '1', 0.5, '2013-03-08 16:09:31', '2013-03-08 16:10:38'),
(12, 3, 145, 'question', '>=', '1', 0.5, '2013-03-08 16:16:34', '2013-03-08 16:16:34'),
(13, 3, 145, 'question', '>', '14', 0.5, '2013-03-08 16:16:55', '2013-03-08 16:16:55'),
(14, 3, 129, 'question', '=', 'Yes', 0.5, '2013-03-08 16:17:40', '2013-03-08 16:17:40'),
(15, 3, 130, 'question', '=', 'Yes', 0.5, '2013-03-08 16:18:09', '2013-03-08 16:18:09'),
(16, 3, 131, 'question', '=', 'Yes', 0.5, '2013-03-08 16:20:20', '2013-03-08 16:20:20'),
(17, 3, 134, 'question', '=', 'Yes', 0.5, '2013-03-08 16:20:46', '2013-03-08 16:20:46'),
(18, 3, 138, 'question', '=', 'Yes', 0.5, '2013-03-08 16:22:35', '2013-03-08 16:22:35'),
(19, 3, 136, 'question', '=', 'Yes', 0.5, '2013-03-08 16:23:04', '2013-03-08 16:23:04'),
(20, 3, 140, 'question', '=', 'Yes', 1, '2013-03-08 16:23:40', '2013-03-08 16:23:40'),
(21, 3, 139, 'question', '=', 'Yes', 1, '2013-03-08 16:24:04', '2013-03-08 16:24:04'),
(22, 3, 114, 'question', '>=', '1', 1, '2013-03-08 16:29:43', '2013-03-08 16:29:43'),
(23, 3, 115, 'question', '>=', '1', 1, '2013-03-08 16:30:08', '2013-03-08 16:30:08'),
(24, 5, 170, 'question', '>=', '1', 0.5, '2013-03-08 16:35:16', '2013-03-08 16:35:16'),
(25, 5, 170, 'question', '>', '14', 0.5, '2013-03-08 16:35:30', '2013-03-08 16:35:30');

--
-- Constraints for dumped tables
--

--
-- Constraints for table `answers`
--
ALTER TABLE `answers`
  ADD CONSTRAINT `answers_ibfk_6` FOREIGN KEY (`question_id`) REFERENCES `questions` (`id`) ON DELETE CASCADE ON UPDATE CASCADE,
  ADD CONSTRAINT `answers_ibfk_7` FOREIGN KEY (`client_id`) REFERENCES `clients` (`id`) ON DELETE CASCADE ON UPDATE CASCADE,
  ADD CONSTRAINT `answers_ibfk_8` FOREIGN KEY (`survey_instance_id`) REFERENCES `survey_instances` (`id`) ON DELETE CASCADE ON UPDATE CASCADE;

--
-- Constraints for table `clients`
--
ALTER TABLE `clients`
  ADD CONSTRAINT `clients_ibfk_1` FOREIGN KEY (`organization_id`) REFERENCES `organizations` (`id`) ON DELETE CASCADE ON UPDATE CASCADE;

--
-- Constraints for table `feedbacks`
--
ALTER TABLE `feedbacks`
  ADD CONSTRAINT `feedbacks_ibfk_1` FOREIGN KEY (`user_id`) REFERENCES `users` (`id`);

--
-- Constraints for table `groupings`
--
ALTER TABLE `groupings`
  ADD CONSTRAINT `groupings_ibfk_2` FOREIGN KEY (`survey_id`) REFERENCES `surveys` (`id`) ON DELETE CASCADE ON UPDATE CASCADE;

--
-- Constraints for table `options`
--
ALTER TABLE `options`
  ADD CONSTRAINT `options_ibfk_2` FOREIGN KEY (`question_id`) REFERENCES `questions` (`id`) ON DELETE CASCADE ON UPDATE CASCADE;

--
-- Constraints for table `questions`
--
ALTER TABLE `questions`
  ADD CONSTRAINT `questions_ibfk_4` FOREIGN KEY (`survey_id`) REFERENCES `surveys` (`id`) ON DELETE CASCADE ON UPDATE CASCADE,
  ADD CONSTRAINT `questions_ibfk_5` FOREIGN KEY (`grouping_id`) REFERENCES `groupings` (`id`) ON DELETE CASCADE ON UPDATE CASCADE,
  ADD CONSTRAINT `questions_ibfk_6` FOREIGN KEY (`type_id`) REFERENCES `types` (`id`) ON DELETE CASCADE ON UPDATE CASCADE;

--
-- Constraints for table `survey_instances`
--
ALTER TABLE `survey_instances`
  ADD CONSTRAINT `survey_instances_ibfk_4` FOREIGN KEY (`survey_id`) REFERENCES `surveys` (`id`) ON DELETE CASCADE ON UPDATE CASCADE,
  ADD CONSTRAINT `survey_instances_ibfk_5` FOREIGN KEY (`client_id`) REFERENCES `clients` (`id`) ON DELETE CASCADE ON UPDATE CASCADE,
  ADD CONSTRAINT `survey_instances_ibfk_6` FOREIGN KEY (`user_id`) REFERENCES `users` (`id`) ON DELETE CASCADE ON UPDATE CASCADE;

--
-- Constraints for table `users`
--
ALTER TABLE `users`
  ADD CONSTRAINT `users_ibfk_1` FOREIGN KEY (`organization_id`) REFERENCES `organizations` (`id`);

--
-- Constraints for table `vi_criteria`
--
ALTER TABLE `vi_criteria`
  ADD CONSTRAINT `vi_criteria_ibfk_1` FOREIGN KEY (`question_id`) REFERENCES `questions` (`id`),
  ADD CONSTRAINT `vi_criteria_ibfk_2` FOREIGN KEY (`survey_id`) REFERENCES `surveys` (`id`);
SET FOREIGN_KEY_CHECKS=1;

/*!40101 SET CHARACTER_SET_CLIENT=@OLD_CHARACTER_SET_CLIENT */;
/*!40101 SET CHARACTER_SET_RESULTS=@OLD_CHARACTER_SET_RESULTS */;
/*!40101 SET COLLATION_CONNECTION=@OLD_COLLATION_CONNECTION */;
