-- phpMyAdmin SQL Dump
-- version 3.5.1
-- http://www.phpmyadmin.net
--
-- Host: localhost
-- Generation Time: Feb 08, 2013 at 04:57 PM
-- Server version: 5.5.24-log
-- PHP Version: 5.4.3

SET FOREIGN_KEY_CHECKS=0;
SET SQL_MODE="NO_AUTO_VALUE_ON_ZERO";
SET time_zone = "+00:00";


/*!40101 SET @OLD_CHARACTER_SET_CLIENT=@@CHARACTER_SET_CLIENT */;
/*!40101 SET @OLD_CHARACTER_SET_RESULTS=@@CHARACTER_SET_RESULTS */;
/*!40101 SET @OLD_COLLATION_CONNECTION=@@COLLATION_CONNECTION */;
/*!40101 SET NAMES utf8 */;

--
-- Database: `s2hcake`
--

-- --------------------------------------------------------

--
-- Table structure for table `answers`
--

CREATE TABLE IF NOT EXISTS `answers` (
  `id` int(10) unsigned NOT NULL AUTO_INCREMENT,
  `question_id` int(10) unsigned NOT NULL,
  `client_id` int(10) unsigned NOT NULL,
  `survey_instance_id` int(10) unsigned NOT NULL,
  `value` text NOT NULL,
  `isDeleted` tinyint(1) NOT NULL,
  `created` datetime NOT NULL,
  `modified` datetime NOT NULL,
  PRIMARY KEY (`id`),
  KEY `fK_answers_question` (`question_id`),
  KEY `fk_answers_client` (`client_id`),
  KEY `survey_instance_id` (`survey_instance_id`)
) ENGINE=InnoDB  DEFAULT CHARSET=latin1 AUTO_INCREMENT=46 ;

-- --------------------------------------------------------

--
-- Table structure for table `clients`
--

CREATE TABLE IF NOT EXISTS `clients` (
  `id` int(10) unsigned NOT NULL AUTO_INCREMENT,
  `organization_id` int(10) unsigned NOT NULL,
  `first_name` varchar(50) NOT NULL,
  `last_name` varchar(50) NOT NULL,
  `ssn` varchar(9) NOT NULL,
  `dob` date NOT NULL,
  `isDeleted` tinyint(1) NOT NULL,
  `created` datetime NOT NULL,
  `modified` datetime NOT NULL,
  PRIMARY KEY (`id`),
  KEY `organization_id` (`organization_id`)
) ENGINE=InnoDB  DEFAULT CHARSET=latin1 AUTO_INCREMENT=69 ;

--
-- Dumping data for table `clients`
--

INSERT INTO `clients` (`id`, `organization_id`, `first_name`, `last_name`, `ssn`, `dob`, `isDeleted`, `created`, `modified`) VALUES
(66, 1, 'George', 'Burdell', '123-45-67', '2013-01-31', 0, '2013-01-31 00:00:00', '2013-01-31 00:00:00'),
(67, 1, 'George', 'Burdell', '123456789', '2013-01-31', 0, '2013-01-31 00:00:00', '2013-01-31 00:00:00'),
(68, 1, 'asdfadsf', 'adsfads', 'adsfadsf', '2013-02-08', 0, '2013-02-08 15:31:02', '2013-02-08 15:31:02');

-- --------------------------------------------------------

--
-- Table structure for table `feedbacks`
--

CREATE TABLE IF NOT EXISTS `feedbacks` (
  `id` int(11) NOT NULL AUTO_INCREMENT,
  `user_id` int(11) unsigned NOT NULL,
  `feedback` text NOT NULL,
  `created` datetime NOT NULL,
  `modified` datetime NOT NULL,
  PRIMARY KEY (`id`),
  KEY `user_id` (`user_id`)
) ENGINE=InnoDB DEFAULT CHARSET=latin1 AUTO_INCREMENT=1 ;

-- --------------------------------------------------------

--
-- Table structure for table `groupings`
--

CREATE TABLE IF NOT EXISTS `groupings` (
  `id` int(10) unsigned NOT NULL AUTO_INCREMENT,
  `survey_id` int(10) unsigned NOT NULL,
  `label` varchar(255) NOT NULL,
  `ordering` smallint(5) unsigned NOT NULL,
  `is_used` tinyint(1) NOT NULL,
  `created` datetime NOT NULL,
  `modified` datetime NOT NULL,
  PRIMARY KEY (`id`),
  KEY `survey_id` (`survey_id`)
) ENGINE=InnoDB  DEFAULT CHARSET=latin1 AUTO_INCREMENT=7 ;

--
-- Dumping data for table `groupings`
--

INSERT INTO `groupings` (`id`, `survey_id`, `label`, `ordering`, `is_used`, `created`, `modified`) VALUES
(1, 1, 'Personal Information', 1, 1, '2013-01-01 00:00:00', '2013-02-04 18:50:09'),
(2, 1, 'Housing', 2, 1, '2013-01-01 00:00:00', '2013-02-04 18:50:09'),
(3, 1, 'Health', 3, 1, '2013-02-04 16:56:16', '2013-02-04 18:50:09'),
(4, 1, 'Military And Legal Background', 4, 1, '2013-02-04 16:56:52', '2013-02-04 18:50:09'),
(5, 1, 'Community', 5, 1, '2013-02-04 16:57:09', '2013-02-04 18:50:09'),
(6, 1, 'Surveyor Section', 6, 1, '2013-02-04 18:53:40', '2013-02-04 18:53:48');

-- --------------------------------------------------------

--
-- Table structure for table `options`
--

CREATE TABLE IF NOT EXISTS `options` (
  `id` int(10) unsigned NOT NULL AUTO_INCREMENT,
  `question_id` int(10) unsigned NOT NULL,
  `label` varchar(255) NOT NULL,
  `created` timestamp NOT NULL DEFAULT CURRENT_TIMESTAMP ON UPDATE CURRENT_TIMESTAMP,
  `modified` timestamp NOT NULL DEFAULT '0000-00-00 00:00:00',
  PRIMARY KEY (`id`),
  KEY `fk_options_questions` (`question_id`)
) ENGINE=InnoDB  DEFAULT CHARSET=latin1 AUTO_INCREMENT=1001 ;

--
-- Dumping data for table `options`
--

INSERT INTO `options` (`id`, `question_id`, `label`, `created`, `modified`) VALUES
(9, 17, 'English', '0000-00-00 00:00:00', '0000-00-00 00:00:00'),
(10, 17, ' Spanish', '0000-00-00 00:00:00', '0000-00-00 00:00:00'),
(11, 17, ' French', '0000-00-00 00:00:00', '0000-00-00 00:00:00'),
(12, 23, 'Male', '0000-00-00 00:00:00', '0000-00-00 00:00:00'),
(13, 23, ' Female', '0000-00-00 00:00:00', '0000-00-00 00:00:00'),
(14, 23, ' Transgender (M to F)', '0000-00-00 00:00:00', '0000-00-00 00:00:00'),
(15, 23, ' Transgender (F to M)', '0000-00-00 00:00:00', '0000-00-00 00:00:00'),
(16, 23, ' Other/Unknown/Declined', '0000-00-00 00:00:00', '0000-00-00 00:00:00'),
(17, 24, 'Yes', '0000-00-00 00:00:00', '0000-00-00 00:00:00'),
(18, 24, ' No', '0000-00-00 00:00:00', '0000-00-00 00:00:00'),
(19, 25, 'African-American/Black', '0000-00-00 00:00:00', '0000-00-00 00:00:00'),
(20, 25, ' Asian', '0000-00-00 00:00:00', '0000-00-00 00:00:00'),
(21, 25, ' Latino/a', '0000-00-00 00:00:00', '0000-00-00 00:00:00'),
(22, 25, ' Native Alaskan', '0000-00-00 00:00:00', '0000-00-00 00:00:00'),
(23, 25, ' Native American', '0000-00-00 00:00:00', '0000-00-00 00:00:00'),
(24, 25, ' Native Hawaiian/Pacific Islander', '0000-00-00 00:00:00', '0000-00-00 00:00:00'),
(25, 25, ' White', '0000-00-00 00:00:00', '0000-00-00 00:00:00'),
(26, 25, ' Other/Multiple', '0000-00-00 00:00:00', '0000-00-00 00:00:00'),
(27, 25, ' Declined to state/unknown', '0000-00-00 00:00:00', '0000-00-00 00:00:00'),
(28, 26, 'Yes', '0000-00-00 00:00:00', '0000-00-00 00:00:00'),
(29, 26, ' No', '0000-00-00 00:00:00', '0000-00-00 00:00:00'),
(30, 26, ' Refused', '0000-00-00 00:00:00', '0000-00-00 00:00:00'),
(31, 27, '0', '0000-00-00 00:00:00', '0000-00-00 00:00:00'),
(32, 27, '1', '0000-00-00 00:00:00', '0000-00-00 00:00:00'),
(33, 27, '2', '0000-00-00 00:00:00', '0000-00-00 00:00:00'),
(34, 27, '3', '0000-00-00 00:00:00', '0000-00-00 00:00:00'),
(35, 27, '4', '0000-00-00 00:00:00', '0000-00-00 00:00:00'),
(36, 27, '5', '0000-00-00 00:00:00', '0000-00-00 00:00:00'),
(37, 27, '6', '0000-00-00 00:00:00', '0000-00-00 00:00:00'),
(38, 27, '7', '0000-00-00 00:00:00', '0000-00-00 00:00:00'),
(39, 27, '8', '0000-00-00 00:00:00', '0000-00-00 00:00:00'),
(40, 27, '9', '0000-00-00 00:00:00', '0000-00-00 00:00:00'),
(41, 27, '10', '0000-00-00 00:00:00', '0000-00-00 00:00:00'),
(42, 27, '11', '0000-00-00 00:00:00', '0000-00-00 00:00:00'),
(43, 27, '12', '0000-00-00 00:00:00', '0000-00-00 00:00:00'),
(44, 27, 'refused', '0000-00-00 00:00:00', '0000-00-00 00:00:00'),
(45, 28, 'Yes', '0000-00-00 00:00:00', '0000-00-00 00:00:00'),
(46, 28, ' No', '0000-00-00 00:00:00', '0000-00-00 00:00:00'),
(47, 28, ' Refusted', '0000-00-00 00:00:00', '0000-00-00 00:00:00'),
(48, 30, 'K-8', '0000-00-00 00:00:00', '0000-00-00 00:00:00'),
(49, 30, ' Some high school', '0000-00-00 00:00:00', '0000-00-00 00:00:00'),
(50, 30, ' High School Graduate', '0000-00-00 00:00:00', '0000-00-00 00:00:00'),
(51, 30, ' GED', '0000-00-00 00:00:00', '0000-00-00 00:00:00'),
(52, 30, ' Some College', '0000-00-00 00:00:00', '0000-00-00 00:00:00'),
(53, 30, ' College Graduate', '0000-00-00 00:00:00', '0000-00-00 00:00:00'),
(54, 30, ' Post Graduate', '0000-00-00 00:00:00', '0000-00-00 00:00:00'),
(55, 30, ' Declined', '0000-00-00 00:00:00', '0000-00-00 00:00:00'),
(56, 34, 'shelter', '0000-00-00 00:00:00', '0000-00-00 00:00:00'),
(57, 34, ' outside (street', '0000-00-00 00:00:00', '0000-00-00 00:00:00'),
(58, 34, ' camp', '0000-00-00 00:00:00', '0000-00-00 00:00:00'),
(59, 34, ' park)', '0000-00-00 00:00:00', '0000-00-00 00:00:00'),
(60, 34, ' car/van/RV', '0000-00-00 00:00:00', '0000-00-00 00:00:00'),
(61, 34, ' someone else''s place', '0000-00-00 00:00:00', '0000-00-00 00:00:00'),
(62, 38, 'Refused', '0000-00-00 00:00:00', '0000-00-00 00:00:00'),
(63, 38, ' Greyhound', '0000-00-00 00:00:00', '0000-00-00 00:00:00'),
(64, 38, ' Drove personal vehicle', '0000-00-00 00:00:00', '0000-00-00 00:00:00'),
(65, 38, ' Rode with relative or friend', '0000-00-00 00:00:00', '0000-00-00 00:00:00'),
(66, 38, ' Hitchhike', '0000-00-00 00:00:00', '0000-00-00 00:00:00'),
(67, 38, ' Hospital Van', '0000-00-00 00:00:00', '0000-00-00 00:00:00'),
(68, 38, ' Prison Van', '0000-00-00 00:00:00', '0000-00-00 00:00:00'),
(69, 38, ' Other', '0000-00-00 00:00:00', '0000-00-00 00:00:00'),
(70, 39, 'Refused', '0000-00-00 00:00:00', '0000-00-00 00:00:00'),
(71, 39, ' Conflict with roommate', '0000-00-00 00:00:00', '0000-00-00 00:00:00'),
(72, 39, ' Lack of child support', '0000-00-00 00:00:00', '0000-00-00 00:00:00'),
(73, 39, ' Natural disaster/fire', '0000-00-00 00:00:00', '0000-00-00 00:00:00'),
(74, 39, ' Mental illness', '0000-00-00 00:00:00', '0000-00-00 00:00:00'),
(75, 39, ' Recently released from prison', '0000-00-00 00:00:00', '0000-00-00 00:00:00'),
(76, 39, ' Poverty', '0000-00-00 00:00:00', '0000-00-00 00:00:00'),
(77, 39, ' Divorce', '0000-00-00 00:00:00', '0000-00-00 00:00:00'),
(78, 39, ' Job loss', '0000-00-00 00:00:00', '0000-00-00 00:00:00'),
(79, 39, ' Physical illness', '0000-00-00 00:00:00', '0000-00-00 00:00:00'),
(80, 39, ' Lack of affordable housing', '0000-00-00 00:00:00', '0000-00-00 00:00:00'),
(81, 39, ' Domestic violence', '0000-00-00 00:00:00', '0000-00-00 00:00:00'),
(82, 39, ' Tragedy (death of a loved one)', '0000-00-00 00:00:00', '0000-00-00 00:00:00'),
(83, 39, ' Physical disabilities', '0000-00-00 00:00:00', '0000-00-00 00:00:00'),
(85, 40, 'Refused', '0000-00-00 00:00:00', '0000-00-00 00:00:00'),
(86, 40, ' Conflict with roommate', '0000-00-00 00:00:00', '0000-00-00 00:00:00'),
(87, 40, ' Lack of child support', '0000-00-00 00:00:00', '0000-00-00 00:00:00'),
(88, 40, ' Natural disaster/fire', '0000-00-00 00:00:00', '0000-00-00 00:00:00'),
(89, 40, ' Mental illness', '0000-00-00 00:00:00', '0000-00-00 00:00:00'),
(90, 40, ' Recently released from prison', '0000-00-00 00:00:00', '0000-00-00 00:00:00'),
(91, 40, ' Poverty', '0000-00-00 00:00:00', '0000-00-00 00:00:00'),
(92, 40, ' Divorce', '0000-00-00 00:00:00', '0000-00-00 00:00:00'),
(93, 40, ' Job loss', '0000-00-00 00:00:00', '0000-00-00 00:00:00'),
(94, 40, ' Physical illness', '0000-00-00 00:00:00', '0000-00-00 00:00:00'),
(95, 40, ' Lack of affordable housing', '0000-00-00 00:00:00', '0000-00-00 00:00:00'),
(96, 40, ' Domestic violence', '0000-00-00 00:00:00', '0000-00-00 00:00:00'),
(97, 40, ' Tragedy (death of a loved one)', '0000-00-00 00:00:00', '0000-00-00 00:00:00'),
(98, 40, ' Physical disabilities', '0000-00-00 00:00:00', '0000-00-00 00:00:00'),
(116, 48, 'Yes', '0000-00-00 00:00:00', '0000-00-00 00:00:00'),
(117, 48, ' No', '0000-00-00 00:00:00', '0000-00-00 00:00:00'),
(118, 48, ' Under Treatment', '0000-00-00 00:00:00', '0000-00-00 00:00:00'),
(119, 48, ' Refused', '0000-00-00 00:00:00', '0000-00-00 00:00:00'),
(120, 43, 'Refused', '0000-00-00 00:00:00', '0000-00-00 00:00:00'),
(121, 44, 'Yes', '0000-00-00 00:00:00', '0000-00-00 00:00:00'),
(122, 44, ' No', '0000-00-00 00:00:00', '0000-00-00 00:00:00'),
(123, 44, ' Under Treatment', '0000-00-00 00:00:00', '0000-00-00 00:00:00'),
(124, 44, ' Refused', '0000-00-00 00:00:00', '0000-00-00 00:00:00'),
(125, 45, 'Yes', '0000-00-00 00:00:00', '0000-00-00 00:00:00'),
(126, 45, ' No', '0000-00-00 00:00:00', '0000-00-00 00:00:00'),
(127, 45, ' Under Treatment', '0000-00-00 00:00:00', '0000-00-00 00:00:00'),
(128, 45, ' Refused', '0000-00-00 00:00:00', '0000-00-00 00:00:00'),
(129, 46, 'Yes', '0000-00-00 00:00:00', '0000-00-00 00:00:00'),
(130, 46, ' No', '0000-00-00 00:00:00', '0000-00-00 00:00:00'),
(131, 46, ' Under Treatment', '0000-00-00 00:00:00', '0000-00-00 00:00:00'),
(132, 46, ' Refused', '0000-00-00 00:00:00', '0000-00-00 00:00:00'),
(133, 47, 'Yes', '0000-00-00 00:00:00', '0000-00-00 00:00:00'),
(134, 47, ' No', '0000-00-00 00:00:00', '0000-00-00 00:00:00'),
(135, 47, ' Under Treatment', '0000-00-00 00:00:00', '0000-00-00 00:00:00'),
(136, 47, ' Refused', '0000-00-00 00:00:00', '0000-00-00 00:00:00'),
(137, 49, 'Yes', '0000-00-00 00:00:00', '0000-00-00 00:00:00'),
(138, 49, ' No', '0000-00-00 00:00:00', '0000-00-00 00:00:00'),
(139, 49, ' Under Treatment', '0000-00-00 00:00:00', '0000-00-00 00:00:00'),
(140, 49, ' Refused', '0000-00-00 00:00:00', '0000-00-00 00:00:00'),
(141, 50, 'Yes', '0000-00-00 00:00:00', '0000-00-00 00:00:00'),
(142, 50, ' No', '0000-00-00 00:00:00', '0000-00-00 00:00:00'),
(143, 50, ' Under Treatment', '0000-00-00 00:00:00', '0000-00-00 00:00:00'),
(144, 50, ' Refused', '0000-00-00 00:00:00', '0000-00-00 00:00:00'),
(145, 51, 'Yes', '0000-00-00 00:00:00', '0000-00-00 00:00:00'),
(146, 51, ' No', '0000-00-00 00:00:00', '0000-00-00 00:00:00'),
(147, 51, ' Under Treatment', '0000-00-00 00:00:00', '0000-00-00 00:00:00'),
(148, 51, ' Refused', '0000-00-00 00:00:00', '0000-00-00 00:00:00'),
(149, 52, 'Yes', '0000-00-00 00:00:00', '0000-00-00 00:00:00'),
(150, 52, ' No', '0000-00-00 00:00:00', '0000-00-00 00:00:00'),
(151, 52, ' Under Treatment', '0000-00-00 00:00:00', '0000-00-00 00:00:00'),
(152, 52, ' Refused', '0000-00-00 00:00:00', '0000-00-00 00:00:00'),
(153, 53, 'Yes', '0000-00-00 00:00:00', '0000-00-00 00:00:00'),
(154, 53, ' No', '0000-00-00 00:00:00', '0000-00-00 00:00:00'),
(155, 53, ' Under Treatment', '0000-00-00 00:00:00', '0000-00-00 00:00:00'),
(156, 53, ' Refused', '0000-00-00 00:00:00', '0000-00-00 00:00:00'),
(157, 54, 'Yes', '0000-00-00 00:00:00', '0000-00-00 00:00:00'),
(158, 54, ' No', '0000-00-00 00:00:00', '0000-00-00 00:00:00'),
(159, 54, ' Under Treatment', '0000-00-00 00:00:00', '0000-00-00 00:00:00'),
(160, 54, ' Refused', '0000-00-00 00:00:00', '0000-00-00 00:00:00'),
(161, 55, 'Yes', '0000-00-00 00:00:00', '0000-00-00 00:00:00'),
(162, 55, ' No', '0000-00-00 00:00:00', '0000-00-00 00:00:00'),
(163, 56, 'Yes', '0000-00-00 00:00:00', '0000-00-00 00:00:00'),
(164, 56, ' No', '0000-00-00 00:00:00', '0000-00-00 00:00:00'),
(165, 56, ' Refused', '0000-00-00 00:00:00', '0000-00-00 00:00:00'),
(166, 57, 'Yes', '0000-00-00 00:00:00', '0000-00-00 00:00:00'),
(167, 57, ' No', '0000-00-00 00:00:00', '0000-00-00 00:00:00'),
(168, 57, ' Refused', '0000-00-00 00:00:00', '0000-00-00 00:00:00'),
(169, 58, 'Yes', '0000-00-00 00:00:00', '0000-00-00 00:00:00'),
(170, 58, ' No', '0000-00-00 00:00:00', '0000-00-00 00:00:00'),
(171, 58, ' Refused', '0000-00-00 00:00:00', '0000-00-00 00:00:00'),
(172, 59, 'Yes', '0000-00-00 00:00:00', '0000-00-00 00:00:00'),
(173, 59, ' No', '0000-00-00 00:00:00', '0000-00-00 00:00:00'),
(174, 59, ' Refused', '0000-00-00 00:00:00', '0000-00-00 00:00:00'),
(175, 60, 'Yes', '0000-00-00 00:00:00', '0000-00-00 00:00:00'),
(176, 60, ' No', '0000-00-00 00:00:00', '0000-00-00 00:00:00'),
(177, 60, ' Refused', '0000-00-00 00:00:00', '0000-00-00 00:00:00'),
(178, 61, 'Yes', '0000-00-00 00:00:00', '0000-00-00 00:00:00'),
(179, 61, ' No', '0000-00-00 00:00:00', '0000-00-00 00:00:00'),
(180, 62, 'Yes', '0000-00-00 00:00:00', '0000-00-00 00:00:00'),
(181, 62, ' No', '0000-00-00 00:00:00', '0000-00-00 00:00:00'),
(182, 62, ' Refused', '0000-00-00 00:00:00', '0000-00-00 00:00:00'),
(183, 64, 'Yes', '0000-00-00 00:00:00', '0000-00-00 00:00:00'),
(184, 64, ' No', '0000-00-00 00:00:00', '0000-00-00 00:00:00'),
(185, 64, ' Refused', '0000-00-00 00:00:00', '0000-00-00 00:00:00'),
(186, 65, 'Yes', '0000-00-00 00:00:00', '0000-00-00 00:00:00'),
(187, 65, ' No', '0000-00-00 00:00:00', '0000-00-00 00:00:00'),
(188, 65, ' Refused', '0000-00-00 00:00:00', '0000-00-00 00:00:00'),
(189, 66, 'Yes', '0000-00-00 00:00:00', '0000-00-00 00:00:00'),
(190, 66, ' No', '0000-00-00 00:00:00', '0000-00-00 00:00:00'),
(191, 67, 'Yes', '0000-00-00 00:00:00', '0000-00-00 00:00:00'),
(192, 67, ' No', '0000-00-00 00:00:00', '0000-00-00 00:00:00'),
(193, 67, ' Refused', '0000-00-00 00:00:00', '0000-00-00 00:00:00'),
(194, 68, 'Yes', '0000-00-00 00:00:00', '0000-00-00 00:00:00'),
(195, 68, ' No', '0000-00-00 00:00:00', '0000-00-00 00:00:00'),
(196, 68, ' Refused', '0000-00-00 00:00:00', '0000-00-00 00:00:00'),
(197, 69, 'Yes', '0000-00-00 00:00:00', '0000-00-00 00:00:00'),
(198, 69, ' No', '0000-00-00 00:00:00', '0000-00-00 00:00:00'),
(199, 69, ' Refused', '0000-00-00 00:00:00', '0000-00-00 00:00:00'),
(200, 70, 'Excellent', '0000-00-00 00:00:00', '0000-00-00 00:00:00'),
(201, 70, ' Very Good', '0000-00-00 00:00:00', '0000-00-00 00:00:00'),
(202, 70, ' Good', '0000-00-00 00:00:00', '0000-00-00 00:00:00'),
(203, 70, ' Fair', '0000-00-00 00:00:00', '0000-00-00 00:00:00'),
(204, 70, ' Poor', '0000-00-00 00:00:00', '0000-00-00 00:00:00'),
(205, 70, ' Refused', '0000-00-00 00:00:00', '0000-00-00 00:00:00'),
(206, 71, 'Refused', '0000-00-00 00:00:00', '0000-00-00 00:00:00'),
(207, 71, ' physical disability', '0000-00-00 00:00:00', '0000-00-00 00:00:00'),
(208, 71, ' mental health disability', '0000-00-00 00:00:00', '0000-00-00 00:00:00'),
(209, 71, ' traumatic brain injury', '0000-00-00 00:00:00', '0000-00-00 00:00:00'),
(210, 71, ' substance abuse disorder', '0000-00-00 00:00:00', '0000-00-00 00:00:00'),
(211, 71, ' post-traumatic stress disorder (PTSD)', '0000-00-00 00:00:00', '0000-00-00 00:00:00'),
(212, 71, ' developmental disability', '0000-00-00 00:00:00', '0000-00-00 00:00:00'),
(213, 71, ' HIV/AIDS', '0000-00-00 00:00:00', '0000-00-00 00:00:00'),
(214, 71, ' chronic physical illness', '0000-00-00 00:00:00', '0000-00-00 00:00:00'),
(215, 71, ' NONE APPLY', '0000-00-00 00:00:00', '0000-00-00 00:00:00'),
(216, 72, 'Yes', '0000-00-00 00:00:00', '0000-00-00 00:00:00'),
(217, 72, ' No', '0000-00-00 00:00:00', '0000-00-00 00:00:00'),
(218, 72, ' Refused', '0000-00-00 00:00:00', '0000-00-00 00:00:00'),
(219, 74, 'Yes', '0000-00-00 00:00:00', '0000-00-00 00:00:00'),
(220, 74, ' No', '0000-00-00 00:00:00', '0000-00-00 00:00:00'),
(221, 74, ' Refused', '0000-00-00 00:00:00', '0000-00-00 00:00:00'),
(222, 76, 'Yes', '0000-00-00 00:00:00', '0000-00-00 00:00:00'),
(223, 76, ' No', '0000-00-00 00:00:00', '0000-00-00 00:00:00'),
(224, 76, ' Refused', '0000-00-00 00:00:00', '0000-00-00 00:00:00'),
(225, 77, 'Refused', '0000-00-00 00:00:00', '0000-00-00 00:00:00'),
(226, 77, '0', '0000-00-00 00:00:00', '0000-00-00 00:00:00'),
(227, 77, '1', '0000-00-00 00:00:00', '0000-00-00 00:00:00'),
(228, 77, '2', '0000-00-00 00:00:00', '0000-00-00 00:00:00'),
(229, 77, '3', '0000-00-00 00:00:00', '0000-00-00 00:00:00'),
(230, 77, '4', '0000-00-00 00:00:00', '0000-00-00 00:00:00'),
(231, 77, '5', '0000-00-00 00:00:00', '0000-00-00 00:00:00'),
(232, 77, '6', '0000-00-00 00:00:00', '0000-00-00 00:00:00'),
(233, 77, '7', '0000-00-00 00:00:00', '0000-00-00 00:00:00'),
(234, 77, '8', '0000-00-00 00:00:00', '0000-00-00 00:00:00'),
(235, 77, '9', '0000-00-00 00:00:00', '0000-00-00 00:00:00'),
(236, 77, '10', '0000-00-00 00:00:00', '0000-00-00 00:00:00'),
(237, 77, '11', '0000-00-00 00:00:00', '0000-00-00 00:00:00'),
(238, 77, '12', '0000-00-00 00:00:00', '0000-00-00 00:00:00'),
(239, 77, '13', '0000-00-00 00:00:00', '0000-00-00 00:00:00'),
(240, 77, '14', '0000-00-00 00:00:00', '0000-00-00 00:00:00'),
(241, 77, '15', '0000-00-00 00:00:00', '0000-00-00 00:00:00'),
(242, 77, '16', '0000-00-00 00:00:00', '0000-00-00 00:00:00'),
(243, 77, '17', '0000-00-00 00:00:00', '0000-00-00 00:00:00'),
(244, 77, '18', '0000-00-00 00:00:00', '0000-00-00 00:00:00'),
(245, 77, '19', '0000-00-00 00:00:00', '0000-00-00 00:00:00'),
(246, 77, '20', '0000-00-00 00:00:00', '0000-00-00 00:00:00'),
(247, 77, '21', '0000-00-00 00:00:00', '0000-00-00 00:00:00'),
(248, 77, '22', '0000-00-00 00:00:00', '0000-00-00 00:00:00'),
(249, 77, '23', '0000-00-00 00:00:00', '0000-00-00 00:00:00'),
(250, 77, '24', '0000-00-00 00:00:00', '0000-00-00 00:00:00'),
(251, 77, '25', '0000-00-00 00:00:00', '0000-00-00 00:00:00'),
(252, 77, '26', '0000-00-00 00:00:00', '0000-00-00 00:00:00'),
(253, 77, '27', '0000-00-00 00:00:00', '0000-00-00 00:00:00'),
(254, 77, '28', '0000-00-00 00:00:00', '0000-00-00 00:00:00'),
(255, 77, '29', '0000-00-00 00:00:00', '0000-00-00 00:00:00'),
(256, 77, '30', '0000-00-00 00:00:00', '0000-00-00 00:00:00'),
(676, 75, '7', '0000-00-00 00:00:00', '0000-00-00 00:00:00'),
(677, 75, '8', '0000-00-00 00:00:00', '0000-00-00 00:00:00'),
(678, 75, '9', '0000-00-00 00:00:00', '0000-00-00 00:00:00'),
(679, 75, '10', '0000-00-00 00:00:00', '0000-00-00 00:00:00'),
(680, 75, '11', '0000-00-00 00:00:00', '0000-00-00 00:00:00'),
(681, 75, '12', '0000-00-00 00:00:00', '0000-00-00 00:00:00'),
(682, 75, '13', '0000-00-00 00:00:00', '0000-00-00 00:00:00'),
(683, 75, '14', '0000-00-00 00:00:00', '0000-00-00 00:00:00'),
(684, 75, '15', '0000-00-00 00:00:00', '0000-00-00 00:00:00'),
(685, 75, '16', '0000-00-00 00:00:00', '0000-00-00 00:00:00'),
(686, 75, '17', '0000-00-00 00:00:00', '0000-00-00 00:00:00'),
(687, 75, '18', '0000-00-00 00:00:00', '0000-00-00 00:00:00'),
(688, 75, '19', '0000-00-00 00:00:00', '0000-00-00 00:00:00'),
(689, 75, '20', '0000-00-00 00:00:00', '0000-00-00 00:00:00'),
(690, 75, '21', '0000-00-00 00:00:00', '0000-00-00 00:00:00'),
(691, 75, '22', '0000-00-00 00:00:00', '0000-00-00 00:00:00'),
(692, 75, '23', '0000-00-00 00:00:00', '0000-00-00 00:00:00'),
(693, 75, '24', '0000-00-00 00:00:00', '0000-00-00 00:00:00'),
(694, 75, '25', '0000-00-00 00:00:00', '0000-00-00 00:00:00'),
(695, 75, '26', '0000-00-00 00:00:00', '0000-00-00 00:00:00'),
(696, 75, '27', '0000-00-00 00:00:00', '0000-00-00 00:00:00'),
(697, 75, '28', '0000-00-00 00:00:00', '0000-00-00 00:00:00'),
(698, 75, '29', '0000-00-00 00:00:00', '0000-00-00 00:00:00'),
(891, 78, 'Refused', '0000-00-00 00:00:00', '0000-00-00 00:00:00'),
(892, 78, '0', '0000-00-00 00:00:00', '0000-00-00 00:00:00'),
(893, 78, '1', '0000-00-00 00:00:00', '0000-00-00 00:00:00'),
(894, 78, '2', '0000-00-00 00:00:00', '0000-00-00 00:00:00'),
(895, 78, '3', '0000-00-00 00:00:00', '0000-00-00 00:00:00'),
(896, 78, '4', '0000-00-00 00:00:00', '0000-00-00 00:00:00'),
(897, 78, '5', '0000-00-00 00:00:00', '0000-00-00 00:00:00'),
(898, 78, '6', '0000-00-00 00:00:00', '0000-00-00 00:00:00'),
(899, 78, '7', '0000-00-00 00:00:00', '0000-00-00 00:00:00'),
(900, 78, '8', '0000-00-00 00:00:00', '0000-00-00 00:00:00'),
(901, 78, '9', '0000-00-00 00:00:00', '0000-00-00 00:00:00'),
(902, 78, '10', '0000-00-00 00:00:00', '0000-00-00 00:00:00'),
(903, 78, '11', '0000-00-00 00:00:00', '0000-00-00 00:00:00'),
(904, 78, '12', '0000-00-00 00:00:00', '0000-00-00 00:00:00'),
(905, 78, '13', '0000-00-00 00:00:00', '0000-00-00 00:00:00'),
(906, 78, '14', '0000-00-00 00:00:00', '0000-00-00 00:00:00'),
(907, 78, '15', '0000-00-00 00:00:00', '0000-00-00 00:00:00'),
(908, 78, '16', '0000-00-00 00:00:00', '0000-00-00 00:00:00'),
(909, 78, '17', '0000-00-00 00:00:00', '0000-00-00 00:00:00'),
(910, 78, '18', '0000-00-00 00:00:00', '0000-00-00 00:00:00'),
(911, 78, '19', '0000-00-00 00:00:00', '0000-00-00 00:00:00'),
(912, 78, '20', '0000-00-00 00:00:00', '0000-00-00 00:00:00'),
(913, 78, '21', '0000-00-00 00:00:00', '0000-00-00 00:00:00'),
(914, 78, '22', '0000-00-00 00:00:00', '0000-00-00 00:00:00'),
(915, 78, '23', '0000-00-00 00:00:00', '0000-00-00 00:00:00'),
(916, 78, '24', '0000-00-00 00:00:00', '0000-00-00 00:00:00'),
(917, 78, '25', '0000-00-00 00:00:00', '0000-00-00 00:00:00'),
(918, 78, '26', '0000-00-00 00:00:00', '0000-00-00 00:00:00'),
(919, 78, '27', '0000-00-00 00:00:00', '0000-00-00 00:00:00'),
(920, 78, '28', '0000-00-00 00:00:00', '0000-00-00 00:00:00'),
(921, 78, '29', '0000-00-00 00:00:00', '0000-00-00 00:00:00'),
(922, 78, '30', '0000-00-00 00:00:00', '0000-00-00 00:00:00'),
(929, 79, 'Medicaid', '0000-00-00 00:00:00', '0000-00-00 00:00:00'),
(930, 79, ' Medicare', '0000-00-00 00:00:00', '0000-00-00 00:00:00'),
(931, 79, ' VA', '0000-00-00 00:00:00', '0000-00-00 00:00:00'),
(932, 79, ' Private Insurance', '0000-00-00 00:00:00', '0000-00-00 00:00:00'),
(933, 79, ' None', '0000-00-00 00:00:00', '0000-00-00 00:00:00'),
(934, 79, ' Other', '0000-00-00 00:00:00', '0000-00-00 00:00:00'),
(935, 80, 'Yes', '0000-00-00 00:00:00', '0000-00-00 00:00:00'),
(936, 80, ' No', '0000-00-00 00:00:00', '0000-00-00 00:00:00'),
(937, 80, ' Refused', '0000-00-00 00:00:00', '0000-00-00 00:00:00'),
(947, 81, ' None', '0000-00-00 00:00:00', '0000-00-00 00:00:00'),
(948, 81, ' Korean War (June 1950-January 1955)', '0000-00-00 00:00:00', '0000-00-00 00:00:00'),
(949, 81, ' Vietnam Era (1964-1975)', '0000-00-00 00:00:00', '0000-00-00 00:00:00'),
(950, 81, ' Post Vietnam (1975-1991)', '0000-00-00 00:00:00', '0000-00-00 00:00:00'),
(951, 81, ' Persian Gulf Era (1991-present)', '0000-00-00 00:00:00', '0000-00-00 00:00:00'),
(952, 81, ' Afghanistan (2001-present)', '0000-00-00 00:00:00', '0000-00-00 00:00:00'),
(953, 81, ' Iraq (2003-present)', '0000-00-00 00:00:00', '0000-00-00 00:00:00'),
(954, 81, ' Other', '0000-00-00 00:00:00', '0000-00-00 00:00:00'),
(955, 81, ' Refused', '0000-00-00 00:00:00', '0000-00-00 00:00:00'),
(956, 82, 'Yes', '0000-00-00 00:00:00', '0000-00-00 00:00:00'),
(957, 82, ' No', '0000-00-00 00:00:00', '0000-00-00 00:00:00'),
(958, 82, ' Refused', '0000-00-00 00:00:00', '0000-00-00 00:00:00'),
(959, 83, 'Yes', '0000-00-00 00:00:00', '0000-00-00 00:00:00'),
(960, 83, ' No', '0000-00-00 00:00:00', '0000-00-00 00:00:00'),
(961, 83, ' Refused', '0000-00-00 00:00:00', '0000-00-00 00:00:00'),
(962, 84, 'Yes', '0000-00-00 00:00:00', '0000-00-00 00:00:00'),
(963, 84, ' No', '0000-00-00 00:00:00', '0000-00-00 00:00:00'),
(964, 84, ' Refused', '0000-00-00 00:00:00', '0000-00-00 00:00:00'),
(965, 85, 'Yes', '0000-00-00 00:00:00', '0000-00-00 00:00:00'),
(966, 85, ' No', '0000-00-00 00:00:00', '0000-00-00 00:00:00'),
(967, 85, ' Refused', '0000-00-00 00:00:00', '0000-00-00 00:00:00'),
(968, 86, 'Yes', '0000-00-00 00:00:00', '0000-00-00 00:00:00'),
(969, 86, ' No', '0000-00-00 00:00:00', '0000-00-00 00:00:00'),
(970, 86, ' Refused', '0000-00-00 00:00:00', '0000-00-00 00:00:00'),
(971, 87, 'Refused', '0000-00-00 00:00:00', '0000-00-00 00:00:00'),
(972, 87, ' Work', '0000-00-00 00:00:00', '0000-00-00 00:00:00'),
(973, 87, ' on-the-books', '0000-00-00 00:00:00', '0000-00-00 00:00:00'),
(974, 87, ' Work', '0000-00-00 00:00:00', '0000-00-00 00:00:00'),
(975, 87, ' off-the-books', '0000-00-00 00:00:00', '0000-00-00 00:00:00'),
(976, 87, ' SSI', '0000-00-00 00:00:00', '0000-00-00 00:00:00'),
(977, 87, ' SSDI/SSA', '0000-00-00 00:00:00', '0000-00-00 00:00:00'),
(978, 87, ' VA', '0000-00-00 00:00:00', '0000-00-00 00:00:00'),
(979, 87, ' Public Assistance', '0000-00-00 00:00:00', '0000-00-00 00:00:00'),
(980, 87, ' Food Stamps', '0000-00-00 00:00:00', '0000-00-00 00:00:00'),
(981, 87, ' Sex Trade', '0000-00-00 00:00:00', '0000-00-00 00:00:00'),
(982, 87, ' Drug Trade', '0000-00-00 00:00:00', '0000-00-00 00:00:00'),
(983, 87, ' Recycling', '0000-00-00 00:00:00', '0000-00-00 00:00:00'),
(984, 87, ' Panhandling', '0000-00-00 00:00:00', '0000-00-00 00:00:00'),
(985, 87, ' Pension/Retirement', '0000-00-00 00:00:00', '0000-00-00 00:00:00'),
(986, 87, ' No Income', '0000-00-00 00:00:00', '0000-00-00 00:00:00'),
(987, 87, ' Other ', '0000-00-00 00:00:00', '0000-00-00 00:00:00'),
(991, 88, 'Yes', '0000-00-00 00:00:00', '0000-00-00 00:00:00'),
(992, 88, ' No', '0000-00-00 00:00:00', '0000-00-00 00:00:00'),
(993, 88, ' Refused', '0000-00-00 00:00:00', '0000-00-00 00:00:00'),
(994, 93, 'Yes', '0000-00-00 00:00:00', '0000-00-00 00:00:00'),
(995, 93, ' No', '0000-00-00 00:00:00', '0000-00-00 00:00:00'),
(996, 94, 'Yes', '0000-00-00 00:00:00', '0000-00-00 00:00:00'),
(997, 94, ' No', '0000-00-00 00:00:00', '0000-00-00 00:00:00'),
(998, 94, ' Refused', '0000-00-00 00:00:00', '0000-00-00 00:00:00'),
(999, 95, 'Yes', '0000-00-00 00:00:00', '0000-00-00 00:00:00'),
(1000, 95, ' No', '0000-00-00 00:00:00', '0000-00-00 00:00:00');

-- --------------------------------------------------------

--
-- Table structure for table `organizations`
--

CREATE TABLE IF NOT EXISTS `organizations` (
  `id` int(10) unsigned NOT NULL AUTO_INCREMENT,
  `name` varchar(255) NOT NULL,
  `isDeleted` tinyint(1) NOT NULL,
  `created` datetime NOT NULL,
  `modified` datetime NOT NULL,
  PRIMARY KEY (`id`),
  KEY `name` (`name`),
  KEY `name_2` (`name`)
) ENGINE=InnoDB  DEFAULT CHARSET=latin1 AUTO_INCREMENT=2 ;

--
-- Dumping data for table `organizations`
--

INSERT INTO `organizations` (`id`, `name`, `isDeleted`, `created`, `modified`) VALUES
(1, 'samwiseCorp', 0, '2013-01-04 00:00:00', '2013-01-04 00:00:00');

-- --------------------------------------------------------

--
-- Table structure for table `questions`
--

CREATE TABLE IF NOT EXISTS `questions` (
  `id` int(10) unsigned NOT NULL AUTO_INCREMENT,
  `survey_id` int(10) unsigned NOT NULL,
  `grouping_id` int(10) unsigned NOT NULL,
  `internal_name` varchar(50) NOT NULL,
  `label` varchar(255) NOT NULL,
  `type_id` smallint(5) unsigned NOT NULL,
  `ordering` smallint(5) unsigned NOT NULL,
  `is_used` tinyint(1) NOT NULL,
  `is_required` tinyint(1) NOT NULL,
  `created` datetime NOT NULL,
  `modified` timestamp NOT NULL DEFAULT CURRENT_TIMESTAMP ON UPDATE CURRENT_TIMESTAMP,
  `validation_1` varchar(100) DEFAULT NULL,
  `validation_2` varchar(100) DEFAULT NULL,
  `validation_3` varchar(100) DEFAULT NULL,
  `validation_4` varchar(100) DEFAULT NULL,
  PRIMARY KEY (`id`),
  KEY `grouping_id` (`grouping_id`),
  KEY `survey_id` (`survey_id`),
  KEY `type_id` (`type_id`)
) ENGINE=InnoDB  DEFAULT CHARSET=latin1 AUTO_INCREMENT=99 ;

--
-- Dumping data for table `questions`
--

INSERT INTO `questions` (`id`, `survey_id`, `grouping_id`, `internal_name`, `label`, `type_id`, `ordering`, `is_used`, `is_required`, `created`, `modified`, `validation_1`, `validation_2`, `validation_3`, `validation_4`) VALUES
(1, 1, 1, 'date_confirmation', 'Date', 7, 1, 1, 1, '2013-01-01 00:00:00', '2013-02-08 15:44:22', NULL, NULL, NULL, NULL),
(2, 1, 1, 'signature', 'Signature', 1, 2, 0, 0, '2013-01-01 00:00:00', '2013-02-04 22:11:53', NULL, NULL, NULL, NULL),
(3, 1, 2, 'lifetime_on_streets_years', 'Over your entire lifetime, what’s the total time you’ve lived on the streets (including bus stations, underpasses, encampments, abandoned buildings, etc.) or in shelters?  YEARS:', 5, 25, 1, 1, '2013-01-01 00:00:00', '2013-02-04 22:30:08', NULL, NULL, NULL, NULL),
(4, 1, 2, 'lifetime_on_streets_months', 'Over your entire lifetime, what’s the total time you’ve lived on the streets (including bus stations, underpasses, encampments, abandoned buildings, etc.) or in shelters? MONTHS:Test Radio', 5, 26, 1, 1, '2013-01-01 00:00:00', '2013-02-04 22:30:08', NULL, NULL, NULL, NULL),
(5, 1, 2, 'times_streets-shelters', 'How many times have you had to stay in shelters or on the streets in the past three years?', 5, 27, 1, 1, '2013-01-01 00:00:00', '2013-02-04 22:30:08', NULL, NULL, NULL, NULL),
(6, 1, 2, 'homelessness_3_years-years', 'In addition to right now, how long would you say that you’ve stayed in these kinds of places over the past three years? YEARS:', 5, 28, 1, 1, '2013-01-01 00:00:00', '2013-02-04 22:30:08', NULL, NULL, NULL, NULL),
(9, 1, 1, 'name_confirmation', 'Printed Name of Participant', 1, 3, 1, 1, '2013-02-04 17:01:28', '2013-02-04 22:11:53', NULL, NULL, NULL, NULL),
(10, 1, 1, 'photo_confirmation', 'Please sign below if you are willing to allow us to take your photo.', 1, 4, 1, 0, '2013-02-04 17:02:03', '2013-02-04 22:11:53', NULL, NULL, NULL, NULL),
(11, 1, 1, 'interviewer_first_name', 'INTERVIEWER’S FIRST NAME ', 1, 5, 1, 1, '2013-02-04 17:02:42', '2013-02-04 22:11:53', NULL, NULL, NULL, NULL),
(12, 1, 1, 'interviewer_last_name', 'INTERVIEWER’S LAST NAME ', 1, 6, 1, 1, '2013-02-04 17:04:04', '2013-02-04 22:11:53', NULL, NULL, NULL, NULL),
(13, 1, 1, 'agency', 'AGENCY NAME / AFFILIATION', 1, 7, 1, 1, '2013-02-04 17:04:30', '2013-02-04 22:11:53', NULL, NULL, NULL, NULL),
(14, 1, 1, 'location', 'Location', 1, 8, 1, 1, '2013-02-04 17:05:14', '2013-02-04 22:11:53', NULL, NULL, NULL, NULL),
(15, 1, 1, 'date_survey', 'Date', 7, 9, 1, 1, '2013-02-04 17:06:27', '2013-02-08 15:44:32', NULL, NULL, NULL, NULL),
(16, 1, 1, 'time_survey', 'Time', 1, 10, 1, 1, '2013-02-04 17:06:46', '2013-02-04 22:11:53', NULL, NULL, NULL, NULL),
(17, 1, 1, 'language_preferred', 'Preferred Language', 2, 11, 1, 1, '2013-02-04 17:08:03', '2013-02-04 22:11:53', NULL, NULL, NULL, NULL),
(20, 1, 1, 'nickname', 'Nickname', 1, 14, 1, 1, '2013-02-04 17:09:05', '2013-02-04 22:11:53', NULL, NULL, NULL, NULL),
(23, 1, 1, 'gender', 'What is your gender?', 2, 18, 1, 1, '2013-02-04 17:10:49', '2013-02-04 22:11:53', NULL, NULL, NULL, NULL),
(24, 1, 1, 'consent_given', 'Has Consented to Participate:', 3, 17, 1, 1, '2013-02-04 17:11:45', '2013-02-04 22:11:53', NULL, NULL, NULL, NULL),
(25, 1, 1, 'ethnicity', 'What is your ethnicity? ', 6, 19, 1, 1, '2013-02-04 17:13:36', '0000-00-00 00:00:00', NULL, NULL, NULL, NULL),
(26, 1, 1, 'married', 'Are you married?', 2, 20, 1, 1, '2013-02-04 17:14:44', '0000-00-00 00:00:00', NULL, NULL, NULL, NULL),
(27, 1, 1, 'child_dependents', 'How many children under 18 live with you?', 2, 21, 1, 1, '2013-02-04 17:16:56', '0000-00-00 00:00:00', NULL, NULL, NULL, NULL),
(28, 1, 1, 'extra_household_member', 'Is there anyone else you would consider a part of your household?', 2, 22, 1, 1, '2013-02-04 17:19:01', '0000-00-00 00:00:00', NULL, NULL, NULL, NULL),
(29, 1, 1, 'extra_household_membe_ID', 'Specify your other household member', 5, 23, 1, 1, '2013-02-04 17:20:06', '0000-00-00 00:00:00', NULL, NULL, NULL, NULL),
(30, 1, 1, 'education_completed', 'What is the highest grade in school you completed?', 6, 24, 1, 1, '2013-02-04 17:21:47', '0000-00-00 00:00:00', NULL, NULL, NULL, NULL),
(31, 1, 2, 'homelessness_3_years-months', 'In addition to right now, how long would you say that you’ve stayed in these kinds of places over the past three years? MONTHS:', 5, 29, 1, 1, '2013-02-04 17:28:27', '2013-02-04 22:30:08', NULL, NULL, NULL, NULL),
(32, 1, 2, 'current_homlessness_years', '(If more than one) How long have you been homeless just this last time? (Current episode) YEARS:', 5, 30, 1, 1, '2013-02-04 17:29:26', '2013-02-04 22:30:08', NULL, NULL, NULL, NULL),
(33, 1, 2, 'current_homelessness_months', '(If more than one) How long have you been homeless just this last time? (Current episode) MONTHS:', 5, 31, 1, 1, '2013-02-04 17:30:29', '0000-00-00 00:00:00', NULL, NULL, NULL, NULL),
(34, 1, 2, 'freq_sleep_loc_type', 'Where do you sleep most nights right now?', 6, 32, 1, 1, '2013-02-04 17:34:03', '0000-00-00 00:00:00', NULL, NULL, NULL, NULL),
(35, 1, 2, 'freq_sleep_loc', 'What is the location or name of where you sleep most nights?', 5, 33, 1, 1, '2013-02-04 17:34:45', '0000-00-00 00:00:00', NULL, NULL, NULL, NULL),
(36, 1, 2, 'freq_day_location', 'Where do you spend most of your day? (Ask them to describe the location if they don’t have a specific location)?', 5, 34, 1, 1, '2013-02-04 17:35:30', '0000-00-00 00:00:00', NULL, NULL, NULL, NULL),
(37, 1, 2, 'last_permanent_residence_loc', 'Before you became homeless where did you live? (location of last permanent residence) Speficy eighborhood, county, city name, or zip code if known)', 5, 35, 1, 1, '2013-02-04 17:38:07', '0000-00-00 00:00:00', NULL, NULL, NULL, NULL),
(38, 1, 2, 'atlanta_arrival_method', 'If you became homeless living outside of Atlanta, how did you arrive here? (Select all that apply)', 6, 36, 1, 1, '2013-02-04 17:40:26', '0000-00-00 00:00:00', NULL, NULL, NULL, NULL),
(39, 1, 2, 'homelessness_reason', 'What are some of the reasons for your current episode of homelessness (select all that apply)', 4, 37, 1, 1, '2013-02-04 17:42:22', '0000-00-00 00:00:00', NULL, NULL, NULL, NULL),
(40, 1, 2, 'homelessness_reason_main', 'Of those reasons, what would you say is the main reason for you being homeless right now?', 2, 38, 1, 1, '2013-02-04 17:43:10', '2013-02-04 22:43:32', NULL, NULL, NULL, NULL),
(41, 1, 3, 'hospitalizaion_3_months', 'Think back over the last three months. How many times have you been to the emergency room?', 5, 39, 1, 1, '2013-02-04 17:44:15', '2013-02-04 23:13:12', NULL, NULL, NULL, NULL),
(42, 1, 3, 'hospitalization_1_year', 'Now think back over the last year. How many times have you been hospitalized as an inpatient?', 5, 40, 1, 1, '2013-02-04 17:44:56', '2013-02-04 23:13:12', NULL, NULL, NULL, NULL),
(43, 1, 3, 'medical_condidtions', 'Do you have now, have you ever had, or has a healthcare provider ever told you that you have any of the following medical conditions?', 4, 41, 1, 1, '2013-02-04 17:48:49', '2013-02-04 23:13:12', NULL, NULL, NULL, NULL),
(44, 1, 3, 'medical_condidtion_liver', 'Liver disease, Cirrhosis, or End-Stage Liver Disease', 2, 42, 1, 1, '2013-02-04 17:49:55', '2013-02-04 23:13:12', NULL, NULL, NULL, NULL),
(45, 1, 3, 'medical_condition_heart', 'Heart disease, Cardiovascular, Arrhythmia, High Blood Pressure, or Irregular Heartbeat', 3, 43, 1, 1, '2013-02-04 17:51:50', '2013-02-04 23:13:12', NULL, NULL, NULL, NULL),
(46, 1, 3, 'medical_condition_HIV-AIDS', 'HIV+/AIDS', 3, 44, 1, 1, '2013-02-04 17:52:35', '2013-02-04 23:13:12', NULL, NULL, NULL, NULL),
(47, 1, 3, 'medical_condition_diabetes', 'Diabetes', 3, 45, 1, 1, '2013-02-04 17:53:05', '2013-02-04 23:13:13', NULL, NULL, NULL, NULL),
(48, 1, 3, 'medical_condition_emphysema', 'Emphysema', 3, 46, 1, 1, '2013-02-04 17:53:53', '2013-02-04 23:13:13', NULL, NULL, NULL, NULL),
(49, 1, 3, 'medical_condition_asthma', 'Asthma', 3, 47, 1, 1, '2013-02-04 17:55:40', '2013-02-04 23:13:13', NULL, NULL, NULL, NULL),
(50, 1, 3, 'medical_condition_cancer', 'Cancer', 3, 48, 1, 1, '2013-02-04 17:56:07', '2013-02-04 23:13:13', NULL, NULL, NULL, NULL),
(51, 1, 3, 'medical_condition_HepatitisC', 'Hepatitis C', 3, 49, 1, 1, '2013-02-04 17:56:42', '2013-02-04 23:13:13', NULL, NULL, NULL, NULL),
(52, 1, 3, 'medical_condition_Tuberculosis', 'Tuberculosis', 3, 50, 1, 1, '2013-02-04 17:57:19', '2013-02-04 23:13:13', NULL, NULL, NULL, NULL),
(53, 1, 3, 'medical_condition_cold', 'History of frostbite, Hypothermia, or Immersion Foot', 3, 51, 1, 1, '2013-02-04 17:58:17', '2013-02-04 23:13:13', NULL, NULL, NULL, NULL),
(54, 1, 3, 'medical_condition_heat', 'History of Heat Stroke/Heat Exhaustion', 3, 52, 1, 1, '2013-02-04 17:58:45', '2013-02-04 23:13:13', NULL, NULL, NULL, NULL),
(55, 1, 3, 'obs_phys_health_cond', 'OBSERVATION: (Do Not Ask!) Surveyor, do you observe signs or symptoms of serious physical health conditions?', 3, 53, 1, 1, '2013-02-04 17:59:32', '2013-02-04 23:13:13', NULL, NULL, NULL, NULL),
(56, 1, 3, 'drug_abuse', 'Have you ever abused drugs?', 3, 54, 1, 1, '2013-02-04 18:00:19', '2013-02-04 23:13:13', NULL, NULL, NULL, NULL),
(57, 1, 3, 'drug_injections', 'Have you ever used injection drugs or shots?', 3, 55, 1, 1, '2013-02-04 18:01:41', '2013-02-04 23:13:13', NULL, NULL, NULL, NULL),
(58, 1, 3, 'alcohol_abuse', 'Have you ever abused alcohol?', 3, 56, 1, 1, '2013-02-04 18:02:14', '2013-02-04 23:13:13', NULL, NULL, NULL, NULL),
(59, 1, 3, 'alcohol_conumption', 'Have you consumed alcohol everyday for the past month?', 3, 57, 1, 1, '2013-02-04 18:03:07', '2013-02-04 23:13:13', NULL, NULL, NULL, NULL),
(60, 1, 3, 'treatment_drugs_alcohol', 'Have you ever been treated for drug or alcohol abuse?', 3, 58, 1, 1, '2013-02-04 18:03:56', '2013-02-04 23:13:13', NULL, NULL, NULL, NULL),
(61, 1, 3, 'obs_drugs_alcohol_abuse', 'OBSERVATION: (Do Not Ask!) Surveyor, do you observe signs or symptoms of alcohol or drug abuse? ', 3, 59, 1, 1, '2013-02-04 18:05:06', '2013-02-04 23:13:13', NULL, NULL, NULL, NULL),
(62, 1, 3, 'diagnosed_illness_condition', 'Have you been diagnosed with a serious mental illness, a developmental disability, or a chronic physical illness or other disability?', 3, 60, 1, 1, '2013-02-04 18:06:41', '2013-02-04 23:13:13', NULL, NULL, NULL, NULL),
(63, 1, 3, 'diagnosis_illness_condidion_name', '(follow up) If yes, Do you know what that diagnosis was?', 5, 61, 1, 1, '2013-02-04 18:08:05', '2013-02-04 23:13:13', NULL, NULL, NULL, NULL),
(64, 1, 3, 'hospitalization_mental_reason', 'Have you ever been hospitalized for a psychiatric disorder or mental health reasons?', 3, 62, 1, 1, '2013-02-04 18:08:57', '2013-02-04 23:13:13', NULL, NULL, NULL, NULL),
(65, 1, 3, 'treatment_mental_health', 'Are you currently/have you ever received treatment for mental health issues?', 3, 63, 1, 1, '2013-02-04 18:09:37', '2013-02-04 23:13:13', NULL, NULL, NULL, NULL),
(66, 1, 3, 'obs_mental_illness', 'OBSERVATION: (Do Not Ask!) Surveyor, do you detect signs or symptoms of severe, persistent mental illness?', 3, 64, 1, 1, '2013-02-04 18:10:16', '2013-02-04 23:13:13', NULL, NULL, NULL, NULL),
(67, 1, 3, 'violent_attact_victim', 'Have you been the victim of a violent attack since you’ve become homeless?', 3, 65, 1, 1, '2013-02-04 18:11:00', '2013-02-04 23:13:13', NULL, NULL, NULL, NULL),
(68, 1, 3, 'perm_phys_disability', 'Do you have a permanent physical disability that limits your mobility? (wheelchair, amputation, unable to climb stairs)', 3, 66, 1, 1, '2013-02-04 18:11:48', '2013-02-04 23:13:13', NULL, NULL, NULL, NULL),
(69, 1, 3, 'hopsitalization_brain_head', 'Have you had a serious brain injury or head trauma that required hospitalization or surgery?', 3, 67, 1, 1, '2013-02-04 18:13:03', '2013-02-04 23:13:13', NULL, NULL, NULL, NULL),
(70, 1, 3, 'health_description', 'In general, would you describe your health as: ', 2, 68, 1, 1, '2013-02-04 18:14:49', '0000-00-00 00:00:00', NULL, NULL, NULL, NULL),
(71, 1, 3, 'indep_living_factors', 'We’ve talked about many challenges that you are facing. Now I am going to read through a list. I want to know whether any of these will affect your ability to live independently (taking care of yourself, taking prescribed medications, taking care of you', 4, 69, 1, 1, '2013-02-04 18:17:41', '0000-00-00 00:00:00', NULL, NULL, NULL, NULL),
(72, 1, 3, 'bad_health_30_days', 'In the past 30 days were there some days when your physical health wasn’t so good?', 3, 70, 1, 1, '2013-02-04 18:20:03', '0000-00-00 00:00:00', NULL, NULL, NULL, NULL),
(73, 1, 3, 'bad_health_30_days_duration', 'If you did have poor health in the last 30 days, about how many days did you have problems with your physical health?', 5, 71, 1, 1, '2013-02-04 18:21:31', '0000-00-00 00:00:00', NULL, NULL, NULL, NULL),
(74, 1, 3, 'bad_metal_health_30_days', 'In the past 30 days, did you have any days where you mental health wasn’t so good (stress, depression, emotional problems)?', 3, 72, 1, 1, '2013-02-04 18:22:27', '0000-00-00 00:00:00', NULL, NULL, NULL, NULL),
(75, 1, 3, 'bad_mental_health_30_days_duration', 'If you had poor metal health in the last 30 days, about how many days in all did you have problems with stress or depression or emotional problems?', 2, 73, 1, 1, '2013-02-04 18:23:20', '2013-02-04 23:29:56', NULL, NULL, NULL, NULL),
(76, 1, 3, 'usual_routine_prob_30_days', 'In the past 30 days, were there any days where you couldn’t do your usual routine like taking care of yourself, working, or doing something recreational?', 3, 74, 1, 1, '2013-02-04 18:24:08', '0000-00-00 00:00:00', NULL, NULL, NULL, NULL),
(77, 1, 3, 'routine_prob_30_days_duration', 'If had problems doing your usual routine in the last 30 days, about how many of these days did you have in the last 30 days?', 2, 75, 1, 1, '2013-02-04 18:26:35', '0000-00-00 00:00:00', NULL, NULL, NULL, NULL),
(78, 1, 3, 'asasdf', 'If you had poor metal health in the last 30 days, about how many days in all did you have problems with stress or depression or emotional problems?', 2, 73, 0, 0, '2013-02-04 18:30:35', '2013-02-04 23:32:07', NULL, NULL, NULL, NULL),
(79, 1, 3, 'insurance_type', 'What kind of health insurance do you have, if any? (check all that apply)', 4, 76, 1, 1, '2013-02-04 18:34:32', '2013-02-04 23:34:52', NULL, NULL, NULL, NULL),
(80, 1, 4, 'served_in_war', 'Have you ever served on active duty in the U.S. Armed Forces or were you ever called into active duty as a member of the National Guard or as a Reservist? (Full-time: Army, Navy, Air Force, Marine Corps, or Coast Guard)', 3, 77, 1, 1, '2013-02-04 18:36:14', '2013-02-04 23:40:33', NULL, NULL, NULL, NULL),
(81, 1, 4, 'war_service', 'If you have served in a war, which war/war era did you serve in? (Select None if no war service)', 6, 78, 1, 1, '2013-02-04 18:38:41', '2013-02-04 23:40:33', NULL, NULL, NULL, NULL),
(82, 1, 4, 'received_VA_health_care', 'Have you ever received health care or benefits from a VA center?', 3, 79, 1, 1, '2013-02-04 18:40:24', '2013-02-04 23:40:33', NULL, NULL, NULL, NULL),
(83, 1, 4, 'eligible_VA_services', 'Are you eligible for VA services?', 3, 80, 1, 1, '2013-02-04 18:41:20', '0000-00-00 00:00:00', NULL, NULL, NULL, NULL),
(84, 1, 4, 'jail_time_served', 'Have you ever been in jail or prison?', 3, 81, 1, 1, '2013-02-04 18:42:01', '0000-00-00 00:00:00', NULL, NULL, NULL, NULL),
(85, 1, 4, 'felony_conviction', 'Have you ever been convicted of a felony?', 3, 82, 1, 1, '2013-02-04 18:42:34', '0000-00-00 00:00:00', NULL, NULL, NULL, NULL),
(86, 1, 4, 'monthly_income', 'Do you have any current monthly income and how much is it? (This could be from work or benefits)?', 3, 83, 1, 1, '2013-02-04 18:43:44', '0000-00-00 00:00:00', NULL, NULL, NULL, NULL),
(87, 1, 4, 'income_method_6_months', 'What are all of the different ways you’ve made money in the past 6 months? Choose as many as apply', 4, 84, 1, 1, '2013-02-04 18:46:14', '0000-00-00 00:00:00', NULL, NULL, NULL, NULL),
(88, 1, 5, 'trusted_outreach_person', 'Is there a person/outreach worker that you trust more than others?', 3, 85, 1, 1, '2013-02-04 18:47:14', '2013-02-04 23:47:30', NULL, NULL, NULL, NULL),
(89, 1, 5, 'trusted_outreach_person_name', 'If you do have a trusted outreach person, do you know their name?', 5, 86, 1, 1, '2013-02-04 18:48:46', '0000-00-00 00:00:00', NULL, NULL, NULL, NULL),
(90, 1, 5, 'trusted_outreach_person_agency', 'If do have a trusted outreach person, do you know what agency they work for?', 5, 87, 1, 1, '2013-02-04 18:50:06', '0000-00-00 00:00:00', NULL, NULL, NULL, NULL),
(91, 1, 5, 'client_cell_phone', 'Do you have a cell phone number where you can be reached?', 5, 88, 1, 1, '2013-02-04 18:51:02', '0000-00-00 00:00:00', NULL, NULL, NULL, NULL),
(92, 1, 5, 'client_email', 'Do you have an email address where you can be reached?', 5, 88, 1, 1, '2013-02-04 18:51:43', '0000-00-00 00:00:00', NULL, NULL, NULL, NULL),
(93, 1, 6, 'obs_basicNeeds', 'OBSERVATION: (Do Not Ask!) Surveyor, do you observe signs of not being able to meet basic needs? (poor hygiene/clothing, unable to access food on own, no insight on needs)', 3, 89, 1, 1, '2013-02-04 18:56:35', '0000-00-00 00:00:00', NULL, NULL, NULL, NULL),
(94, 1, 6, 'obs_mental_cond', 'OBSERVATION: (Do Not Ask!) Surveyor, do you observe signs of confusion, disorientation, evidence of dementia, or memory impairment?', 3, 90, 1, 1, '2013-02-04 18:57:19', '0000-00-00 00:00:00', NULL, NULL, NULL, NULL),
(95, 1, 6, 'obs_social_behavior', 'OBSERVATION: (Do Not Ask!) Surveyor, do you observe signs of problematic social behavior? (responds in angry, profane, obscene, or verbally menacing ways, intimidating, difficulty engaging, yells, screams, or talks to self)', 3, 91, 1, 1, '2013-02-04 18:58:03', '0000-00-00 00:00:00', NULL, NULL, NULL, NULL),
(96, 1, 6, 'photo_approved', 'CAN I TAKE YOUR PHOTO? Note: Additional signature on consent form required for photo. (PHOTO ID#): ', 5, 92, 1, 1, '2013-02-04 18:59:15', '0000-00-00 00:00:00', NULL, NULL, NULL, NULL),
(97, 1, 6, 'survey_incentive_received', 'I acknowledge that I received an incentive for this survey (INITIALS):', 1, 93, 1, 1, '2013-02-04 19:00:12', '0000-00-00 00:00:00', NULL, NULL, NULL, NULL),
(98, 1, 6, 'additional_comments', 'Additional Comments:', 1, 94, 1, 1, '2013-02-04 19:00:48', '0000-00-00 00:00:00', NULL, NULL, NULL, NULL);

-- --------------------------------------------------------

--
-- Table structure for table `surveys`
--

CREATE TABLE IF NOT EXISTS `surveys` (
  `id` int(10) unsigned NOT NULL AUTO_INCREMENT,
  `organization_id` int(10) unsigned NOT NULL,
  `label` varchar(255) NOT NULL,
  `isActive` tinyint(1) NOT NULL,
  `isDeleted` tinyint(1) NOT NULL,
  `created` datetime NOT NULL,
  `modified` datetime NOT NULL,
  PRIMARY KEY (`id`)
) ENGINE=InnoDB  DEFAULT CHARSET=latin1 AUTO_INCREMENT=3 ;

--
-- Dumping data for table `surveys`
--

INSERT INTO `surveys` (`id`, `organization_id`, `label`, `isActive`, `isDeleted`, `created`, `modified`) VALUES
(1, 1, 'AtlantaSurvey_Fianal_PDF', 1, 0, '2013-01-01 00:00:00', '2013-02-04 19:03:25');

-- --------------------------------------------------------

--
-- Table structure for table `survey_instances`
--

CREATE TABLE IF NOT EXISTS `survey_instances` (
  `id` int(10) unsigned NOT NULL AUTO_INCREMENT,
  `survey_id` int(10) unsigned NOT NULL,
  `client_id` int(10) unsigned NOT NULL,
  `user_id` int(10) unsigned NOT NULL,
  `vi_score` int(10) unsigned NOT NULL,
  `isDeleted` tinyint(1) NOT NULL,
  `created` datetime NOT NULL,
  `modified` datetime NOT NULL,
  PRIMARY KEY (`id`),
  KEY `survey_id` (`survey_id`),
  KEY `user_id` (`user_id`),
  KEY `client_id` (`client_id`)
) ENGINE=InnoDB  DEFAULT CHARSET=latin1 AUTO_INCREMENT=2 ;

-- --------------------------------------------------------

--
-- Table structure for table `types`
--

CREATE TABLE IF NOT EXISTS `types` (
  `id` smallint(5) unsigned NOT NULL AUTO_INCREMENT,
  `label` varchar(255) NOT NULL,
  `created` datetime NOT NULL,
  `modified` datetime NOT NULL,
  PRIMARY KEY (`id`)
) ENGINE=InnoDB  DEFAULT CHARSET=latin1 AUTO_INCREMENT=9 ;

--
-- Dumping data for table `types`
--

INSERT INTO `types` (`id`, `label`, `created`, `modified`) VALUES
(1, 'text', '2013-01-01 00:00:00', '2013-01-01 00:00:00'),
(2, 'select', '2013-01-01 00:00:00', '2013-01-01 00:00:00'),
(3, 'radio', '2013-01-01 00:00:00', '2013-01-01 00:00:00'),
(4, 'checkbox', '2013-01-01 00:00:00', '2013-01-01 00:00:00'),
(5, 'textWithRefused', '2013-01-01 00:00:00', '2013-01-01 00:00:00'),
(6, 'selectWithOther', '2013-01-01 00:00:00', '2013-01-01 00:00:00'),
(7, 'date', '2013-02-01 00:00:00', '2013-02-01 00:00:00'),
(8, 'checkboxWithOther', '2013-02-01 00:00:00', '2013-02-01 00:00:00');

-- --------------------------------------------------------

--
-- Table structure for table `users`
--

CREATE TABLE IF NOT EXISTS `users` (
  `id` int(10) unsigned NOT NULL AUTO_INCREMENT,
  `username` varchar(127) NOT NULL,
  `password` varchar(127) NOT NULL,
  `first_name` varchar(50) NOT NULL,
  `last_name` varchar(50) NOT NULL,
  `organization_id` int(10) unsigned NOT NULL,
  `type` enum('volunteer','user','admin','superAdmin') NOT NULL DEFAULT 'volunteer',
  `isDeleted` tinyint(1) NOT NULL,
  `created` datetime NOT NULL,
  `modified` datetime NOT NULL,
  PRIMARY KEY (`id`),
  KEY `org_id` (`organization_id`)
) ENGINE=InnoDB  DEFAULT CHARSET=latin1 AUTO_INCREMENT=8 ;

--
-- Dumping data for table `users`
--

INSERT INTO `users` (`id`, `username`, `password`, `first_name`, `last_name`, `organization_id`, `type`, `isDeleted`, `created`, `modified`) VALUES
(1, 'samwise', '9202ec3a18879d7cebb45e66ffd923cf854df31c', 'samwise', 'gamgee', 1, 'volunteer', 0, '2013-01-02 00:00:00', '2013-01-02 00:00:00'),
(3, 'super', 'f866b09d9052ff185fb86bb035d40a0e363990be', 'super', 'super', 1, 'superAdmin', 0, '2013-01-31 00:00:00', '2013-01-31 00:00:00'),
(4, 'admin', 'f866b09d9052ff185fb86bb035d40a0e363990be', 'admin', 'admin', 1, 'admin', 0, '2013-01-31 00:00:00', '2013-01-31 00:00:00'),
(5, 'user', 'f866b09d9052ff185fb86bb035d40a0e363990be', 'user', 'user', 1, 'user', 0, '2013-01-31 00:00:00', '2013-01-31 00:00:00'),
(6, 'vol', 'f866b09d9052ff185fb86bb035d40a0e363990be', 'vol', 'vol', 1, 'volunteer', 0, '2013-01-31 00:00:00', '2013-01-31 00:00:00'),
(7, 'superAdmin', '6e6dbd12bba6127f4d44f839e44a71fa779ee945', 'Super', 'Admin', 1, 'superAdmin', 0, '2013-02-05 00:00:00', '2013-02-05 00:00:00');

-- --------------------------------------------------------

--
-- Table structure for table `validations`
--

CREATE TABLE IF NOT EXISTS `validations` (
  `id` smallint(5) unsigned NOT NULL AUTO_INCREMENT,
  `label` varchar(255) NOT NULL,
  `regex` varchar(255) NOT NULL,
  `created` datetime NOT NULL,
  `modified` datetime NOT NULL,
  PRIMARY KEY (`id`)
) ENGINE=InnoDB DEFAULT CHARSET=latin1 AUTO_INCREMENT=1 ;

-- --------------------------------------------------------

--
-- Table structure for table `vi_criteria`
--

CREATE TABLE IF NOT EXISTS `vi_criteria` (
  `id` int(10) unsigned NOT NULL AUTO_INCREMENT,
  `survey_id` int(10) unsigned NOT NULL,
  `question_id` int(10) unsigned DEFAULT NULL,
  `type` enum('question','grouping') NOT NULL,
  `relational_operator` enum('<','>','=','<=','>=') DEFAULT NULL,
  `values` varchar(255) NOT NULL,
  `weight` float NOT NULL,
  `created` datetime NOT NULL,
  `modified` datetime NOT NULL,
  PRIMARY KEY (`id`),
  KEY `question_id` (`question_id`),
  KEY `survey_id` (`survey_id`)
) ENGINE=InnoDB  DEFAULT CHARSET=latin1 AUTO_INCREMENT=8 ;

--
-- Constraints for dumped tables
--

--
-- Constraints for table `answers`
--
ALTER TABLE `answers`
  ADD CONSTRAINT `answers_ibfk_6` FOREIGN KEY (`question_id`) REFERENCES `questions` (`id`) ON DELETE CASCADE ON UPDATE CASCADE,
  ADD CONSTRAINT `answers_ibfk_7` FOREIGN KEY (`client_id`) REFERENCES `clients` (`id`) ON DELETE CASCADE ON UPDATE CASCADE,
  ADD CONSTRAINT `answers_ibfk_8` FOREIGN KEY (`survey_instance_id`) REFERENCES `survey_instances` (`id`) ON DELETE CASCADE ON UPDATE CASCADE;

--
-- Constraints for table `clients`
--
ALTER TABLE `clients`
  ADD CONSTRAINT `clients_ibfk_1` FOREIGN KEY (`organization_id`) REFERENCES `organizations` (`id`) ON DELETE CASCADE ON UPDATE CASCADE;

--
-- Constraints for table `feedbacks`
--
ALTER TABLE `feedbacks`
  ADD CONSTRAINT `feedbacks_ibfk_1` FOREIGN KEY (`user_id`) REFERENCES `users` (`id`);

--
-- Constraints for table `groupings`
--
ALTER TABLE `groupings`
  ADD CONSTRAINT `groupings_ibfk_2` FOREIGN KEY (`survey_id`) REFERENCES `surveys` (`id`) ON DELETE CASCADE ON UPDATE CASCADE;

--
-- Constraints for table `options`
--
ALTER TABLE `options`
  ADD CONSTRAINT `options_ibfk_2` FOREIGN KEY (`question_id`) REFERENCES `questions` (`id`) ON DELETE CASCADE ON UPDATE CASCADE;

--
-- Constraints for table `questions`
--
ALTER TABLE `questions`
  ADD CONSTRAINT `questions_ibfk_4` FOREIGN KEY (`survey_id`) REFERENCES `surveys` (`id`) ON DELETE CASCADE ON UPDATE CASCADE,
  ADD CONSTRAINT `questions_ibfk_5` FOREIGN KEY (`grouping_id`) REFERENCES `groupings` (`id`) ON DELETE CASCADE ON UPDATE CASCADE,
  ADD CONSTRAINT `questions_ibfk_6` FOREIGN KEY (`type_id`) REFERENCES `types` (`id`) ON DELETE CASCADE ON UPDATE CASCADE;

--
-- Constraints for table `survey_instances`
--
ALTER TABLE `survey_instances`
  ADD CONSTRAINT `survey_instances_ibfk_4` FOREIGN KEY (`survey_id`) REFERENCES `surveys` (`id`) ON DELETE CASCADE ON UPDATE CASCADE,
  ADD CONSTRAINT `survey_instances_ibfk_5` FOREIGN KEY (`client_id`) REFERENCES `clients` (`id`) ON DELETE CASCADE ON UPDATE CASCADE,
  ADD CONSTRAINT `survey_instances_ibfk_6` FOREIGN KEY (`user_id`) REFERENCES `users` (`id`) ON DELETE CASCADE ON UPDATE CASCADE;

--
-- Constraints for table `users`
--
ALTER TABLE `users`
  ADD CONSTRAINT `users_ibfk_1` FOREIGN KEY (`organization_id`) REFERENCES `organizations` (`id`);

--
-- Constraints for table `vi_criteria`
--
ALTER TABLE `vi_criteria`
  ADD CONSTRAINT `vi_criteria_ibfk_2` FOREIGN KEY (`survey_id`) REFERENCES `surveys` (`id`),
  ADD CONSTRAINT `vi_criteria_ibfk_1` FOREIGN KEY (`question_id`) REFERENCES `questions` (`id`);
SET FOREIGN_KEY_CHECKS=1;

/*!40101 SET CHARACTER_SET_CLIENT=@OLD_CHARACTER_SET_CLIENT */;
/*!40101 SET CHARACTER_SET_RESULTS=@OLD_CHARACTER_SET_RESULTS */;
/*!40101 SET COLLATION_CONNECTION=@OLD_COLLATION_CONNECTION */;
